año,ae_175,Estado,CVEENT,trimestre,itaee,itaee_crec,crec_fit,acteco
2014-12-01,163544.102,Aguascalientes,01,2012-09-01,109.659,-0.017729115057276035,0.005254587433187598,137217.3420493851
2014-12-01,163544.102,Aguascalientes,01,2012-12-01,113.818,0.037926663566145935,0.019540211424744505,139898.59792417157
2014-12-01,163544.102,Aguascalientes,01,2013-03-01,112.122664205697,-0.014895146587560748,-0.01436125860188661,137889.4779813412
2014-12-01,163544.102,Aguascalientes,01,2013-06-01,114.438528364438,0.020654737159049086,0.030016041717692933,142028.37430486002
2014-12-01,163544.102,Aguascalientes,01,2013-09-01,116.861,0.021168322156743136,0.0045552891076942005,142675.35461131443
2014-12-01,163544.102,Aguascalientes,01,2013-12-01,118.471,0.013777051368720095,0.04046147789149414,148448.21031758122
2014-12-01,163544.102,Aguascalientes,01,2014-03-01,123.545290701452,0.042831500548252244,0.013682008367316551,150479.27997325954
2014-12-01,163544.102,Aguascalientes,01,2014-06-01,128.614955614923,0.04103486976061155,0.042872265451159255,156930.66760917247
2014-12-01,163544.102,Aguascalientes,01,2014-09-01,128.292,-0.0025110269126860096,0.007947769561855365,158177.91639251827
2014-12-01,163544.102,Aguascalientes,01,2014-12-01,133.016,0.03682224924391231,0.033924998696819,163544.102
2014-12-01,163544.102,Aguascalientes,01,2015-03-01,129.085107751447,-0.02955202568527837,-0.018480153269485627,160521.7819287196
2014-12-01,163544.102,Aguascalientes,01,2015-06-01,134.715285588821,0.04361601377143276,0.023040473125559922,164220.27973131527
2014-12-01,163544.102,Aguascalientes,01,2015-09-01,133.614,-0.008174911881806302,-0.0029263805423818314,163739.70870004507
2014-12-01,163544.102,Aguascalientes,01,2015-12-01,135.981,0.017715209484036043,0.017157060570526333,166549.00080001206
2014-12-01,382626.44,Baja California,02,2012-09-01,102.656500244141,-0.01530426040612165,-0.01399778615167932,350852.26139554026
2014-12-01,382626.44,Baja California,02,2012-12-01,104.975110024953,0.02258609805806544,0.03391276472156968,362750.6315882778
2014-12-01,382626.44,Baja California,02,2013-03-01,100.164177981101,-0.04582926412469024,-0.03820242308358068,348892.67848650634
2014-12-01,382626.44,Baja California,02,2013-06-01,103.209,0.030398312852659704,0.034280857776375365,360853.01877692086
2014-12-01,382626.44,Baja California,02,2013-09-01,105.154246730177,0.018847646331007883,-0.014458394360628585,355635.6635252209
2014-12-01,382626.44,Baja California,02,2013-12-01,104.898500957109,-0.0024321012324327596,0.03631445173113801,368550.3776621788
2014-12-01,382626.44,Baja California,02,2014-03-01,97.01788448621,-0.07512611142194714,-0.032536964420313064,356558.86713709147
2014-12-01,382626.44,Baja California,02,2014-06-01,101.748,0.048755088186470896,0.03834772325162891,370232.087896979
2014-12-01,382626.44,Baja California,02,2014-09-01,105.110968402939,0.03305193618487823,-0.010194031023667866,366457.93050699984
2014-12-01,382626.44,Baja California,02,2014-12-01,109.586482781244,0.04257894724314859,0.04412105223273736,382626.44
2014-12-01,382626.44,Baja California,02,2015-03-01,103.483052844602,-0.05569509835282915,-0.03140117610374719,370611.51977561024
2014-12-01,382626.44,Baja California,02,2015-06-01,108.721,0.05061647304958905,0.039079282630233525,385094.7521029416
2014-12-01,382626.44,Baja California,02,2015-09-01,112.773114864784,0.037270765213565094,-0.002598258451147753,384094.1764087975
2014-12-01,382626.44,Baja California,02,2015-12-01,116.614130810083,0.03405967769804352,0.04111101053048906,399884.67613983905
2014-12-01,97974.473,Baja California Sur,03,2012-09-01,102.985971631498,-0.04025001974280795,-0.011530887600678271,90479.94776234827
2014-12-01,97974.473,Baja California Sur,03,2012-12-01,112.132331973725,0.08881171092849716,0.05036112199537989,95036.61944974349
2014-12-01,97974.473,Baja California Sur,03,2013-03-01,106.419064349756,-0.05095111751807446,-0.017649596229049568,93359.26148948168
2014-12-01,97974.473,Baja California Sur,03,2013-06-01,108.847,0.022814856201557765,0.009541900455638857,94250.08626922627
2014-12-01,97974.473,Baja California Sur,03,2013-09-01,107.586426623439,-0.011581149471836638,-0.00913768943354854,93388.85825181293
2014-12-01,97974.473,Baja California Sur,03,2013-12-01,117.004589542049,0.08754043808494849,0.0286680005965397,96066.13009588607
2014-12-01,97974.473,Baja California Sur,03,2014-03-01,112.810951533285,-0.03584165394859906,-0.0366948452798978,92540.99831537898
2014-12-01,97974.473,Baja California Sur,03,2014-06-01,108.61,-0.03723886268298615,0.008053520508133643,93286.27914315504
2014-12-01,97974.473,Baja California Sur,03,2014-09-01,103.550107584664,-0.04658772134551137,-0.021460434840351494,91284.31502810452
2014-12-01,97974.473,Baja California Sur,03,2014-12-01,108.38931358795,0.04673298865797304,0.07328923889975744,97974.473
2014-12-01,97974.473,Baja California Sur,03,2015-03-01,110.442649701684,0.01894408263844083,-0.015079638306534153,96497.0533838867
2014-12-01,97974.473,Baja California Sur,03,2015-06-01,113.594,0.028533816481477903,-0.0027405675057679945,96232.59669498046
2014-12-01,97974.473,Baja California Sur,03,2015-09-01,112.722679088441,-0.007670483577997045,-0.01719664973858436,94577.71843618243
2014-12-01,97974.473,Baja California Sur,03,2015-12-01,119.575235747186,0.06079128631576047,0.08562469749980559,102675.90696750232
2014-12-01,610543.209,Campeche,04,2012-09-01,84.35801971683,0.031150036210274568,0.014696390716965897,625222.870321501
2014-12-01,610543.209,Campeche,04,2012-12-01,86.358157988199,0.023710114083794087,0.022571767806252176,639335.2557775566
2014-12-01,610543.209,Campeche,04,2013-03-01,82.059040796524,-0.04978240958152991,-0.0312548821002077,619352.9077357228
2014-12-01,610543.209,Campeche,04,2013-06-01,82.761972812639,0.008566173931499055,-0.003992901388517715,616879.8926504425
2014-12-01,610543.209,Campeche,04,2013-09-01,85.113186580933,0.028409348984669736,-0.009001989025564358,611326.7466267118
2014-12-01,610543.209,Campeche,04,2013-12-01,85.232612365641,0.0014031407999797185,-0.0023516617091086864,609889.1129249157
2014-12-01,610543.209,Campeche,04,2014-03-01,81.942786025347,-0.038598210813730716,-0.03486619883079809,588624.5978489367
2014-12-01,610543.209,Campeche,04,2014-06-01,80.486125319658,-0.017776558210242266,0.004237371418089466,591118.8188958461
2014-12-01,610543.209,Campeche,04,2014-09-01,80.986392478398,0.0062155701588708645,0.013226828293551172,598937.4460144682
2014-12-01,610543.209,Campeche,04,2014-12-01,81.158646277429,0.0021269474260992016,0.01937725393989049,610543.209
2014-12-01,610543.209,Campeche,04,2015-03-01,77.468912355177,-0.0454632265506153,-0.035153118208446854,589080.7114026586
2014-12-01,610543.209,Campeche,04,2015-06-01,74.262152087101,-0.04139415632136079,-0.013870263042698396,580910.0069821238
2014-12-01,610543.209,Campeche,04,2015-09-01,76.378913966168,0.028503912418054833,-0.01898056553912395,569884.0065222667
2014-12-01,610543.209,Campeche,04,2015-12-01,74.836968769319,-0.020188100573569345,-0.0077554503680897086,565464.2993941151
2014-12-01,454365.527,Coahuila,05,2012-09-01,113.275229488913,-0.03192666083604956,-0.004251930697192324,423865.52507437574
2014-12-01,454365.527,Coahuila,05,2012-12-01,114.300775736144,0.00905357907336124,0.01965804474974296,432197.89253416116
2014-12-01,454365.527,Coahuila,05,2013-03-01,110.179462176805,-0.03605674180945884,-0.024383628293260146,421659.33977347775
2014-12-01,454365.527,Coahuila,05,2013-06-01,115.067,0.04435979016989533,0.03377328576308566,435900.1611503214
2014-12-01,454365.527,Coahuila,05,2013-09-01,115.641541456737,0.004993103641678376,-0.011164081671859572,431033.73615046253
2014-12-01,454365.527,Coahuila,05,2013-12-01,118.837928638791,0.027640475401737863,0.030272144697484148,444082.05178070645
2014-12-01,454365.527,Coahuila,05,2014-03-01,115.831127129784,-0.025301699074091077,-0.009331706645181684,439938.0083470986
2014-12-01,454365.527,Coahuila,05,2014-06-01,119.73,0.03365997523142017,0.017791813397407083,447765.30329803703
2014-12-01,454365.527,Coahuila,05,2014-09-01,120.323150843417,0.004954070353436757,-0.01771663584800856,439832.40847413265
2014-12-01,454365.527,Coahuila,05,2014-12-01,121.920377845765,0.013274477863587153,0.03304240034581747,454365.527
2014-12-01,454365.527,Coahuila,05,2015-03-01,117.433682744261,-0.036800206665860924,-0.028610014633239006,441366.1226236907
2014-12-01,454365.527,Coahuila,05,2015-06-01,120.445,0.025642704762115276,0.02332074476794593,451659.1093186157
2014-12-01,454365.527,Coahuila,05,2015-09-01,124.873599067272,0.03676864184708384,0.002847978836762839,452945.42490338633
2014-12-01,454365.527,Coahuila,05,2015-12-01,125.56616793861,0.005546159288360775,0.010559254477711638,457728.1909094563
2014-12-01,79806.17,Colima,06,2012-09-01,110.774243684738,-0.004714834052974459,0.0011009051783692787,72810.03703669798
2014-12-01,79806.17,Colima,06,2012-12-01,112.339180145843,0.014127259271196513,0.02668688530486668,74753.11014413944
2014-12-01,79806.17,Colima,06,2013-03-01,108.624812885031,-0.0330638629905422,-0.019491568029151626,73296.05481237428
2014-12-01,79806.17,Colima,06,2013-06-01,111.02,0.02205009197579999,0.007483296349373756,73844.55091177521
2014-12-01,79806.17,Colima,06,2013-09-01,109.527490837588,-0.013443606218807358,-0.004247289303102895,73530.91174059518
2014-12-01,79806.17,Colima,06,2013-12-01,112.228703150014,0.02466241389964341,0.039060176338140934,76403.04211948712
2014-12-01,79806.17,Colima,06,2014-03-01,116.550155110639,0.03850576402766226,-0.0027225720280942105,76195.02933415129
2014-12-01,79806.17,Colima,06,2014-06-01,112.595,-0.03393521962183954,0.010215979411028878,76973.43618505172
2014-12-01,79806.17,Colima,06,2014-09-01,112.213773826254,-0.003385817964794202,0.001558291927979957,77093.38326932777
2014-12-01,79806.17,Colima,06,2014-12-01,118.083983928939,0.052312741141512076,0.035188321171416764,79806.17
2014-12-01,79806.17,Colima,06,2015-03-01,117.571969644544,-0.004336018038679446,-0.02129036335847275,78107.06764245195
2014-12-01,79806.17,Colima,06,2015-06-01,113.414,-0.03536531417407407,0.008885967954387048,78801.12454253393
2014-12-01,79806.17,Colima,06,2015-09-01,116.195922117343,0.02452891280920344,0.0015074365252324695,78919.91223589875
2014-12-01,79806.17,Colima,06,2015-12-01,124.185100905789,0.06875610299282231,0.03276314561415443,81505.57681233979
2014-12-01,235387.291,Chiapas,07,2012-09-01,111.462,0.0049738002550308025,-0.011658229968081163,226301.52786215345
2014-12-01,235387.291,Chiapas,07,2012-12-01,115.613,0.03724139168505847,0.029398461244625834,232954.44455860858
2014-12-01,235387.291,Chiapas,07,2013-03-01,108.90318631332,-0.05803684435729539,-0.029968243767794764,225973.208977285
2014-12-01,235387.291,Chiapas,07,2013-06-01,107.844319919256,-0.00972300655205438,0.009857528849238727,228200.7464039336
2014-12-01,235387.291,Chiapas,07,2013-09-01,110.327,0.02302096283422994,-0.01210492795139756,225438.3928102588
2014-12-01,235387.291,Chiapas,07,2013-12-01,118.631,0.07526716035059411,0.035311715555469636,233399.0092124569
2014-12-01,235387.291,Chiapas,07,2014-03-01,115.019028854018,-0.03044711033357217,-0.027941364260724112,226877.52247795954
2014-12-01,235387.291,Chiapas,07,2014-06-01,113.76426179539,-0.010909212772267085,0.009899293186584623,229123.44959041485
2014-12-01,235387.291,Chiapas,07,2014-09-01,114.627,0.007583560873991146,-0.014695653344393857,225756.33080216238
2014-12-01,235387.291,Chiapas,07,2014-12-01,114.346,-0.002451429418897755,0.04266086432046741,235387.291
2014-12-01,235387.291,Chiapas,07,2015-03-01,109.283148273405,-0.04427659670294548,-0.02341642936780678,229875.36112621913
2014-12-01,235387.291,Chiapas,07,2015-06-01,110.286093148115,0.009177488849432036,-9.081785234194336e-4,229666.59326018102
2014-12-01,235387.291,Chiapas,07,2015-09-01,108.752,-0.013910123246951067,-0.013779796540032266,226501.83433301336
2014-12-01,235387.291,Chiapas,07,2015-12-01,114.306,0.05107032514344567,0.04592532717506255,236904.00518050886
2014-12-01,382595.352,Chihuahua,08,2012-09-01,102.641706030311,0.024244926380843967,-0.024446020066103503,321351.3241235371
2014-12-01,382595.352,Chihuahua,08,2012-12-01,111.119507181173,0.08259606624580496,0.0688166067567737,343465.63182651513
2014-12-01,382595.352,Chihuahua,08,2013-03-01,99.017997902873,-0.10890535411185087,-0.06269855914798288,321930.8315941411
2014-12-01,382595.352,Chihuahua,08,2013-06-01,107.907910274998,0.08978077279289298,0.05477643251758463,339565.0540662874
2014-12-01,382595.352,Chihuahua,08,2013-09-01,108.888735613531,0.009089466527832935,-0.020669157041712155,332546.53063791385
2014-12-01,382595.352,Chihuahua,08,2013-12-01,116.747114756417,0.07216888963406687,0.07327391158356944,356913.5157212991
2014-12-01,382595.352,Chihuahua,08,2014-03-01,101.661883733418,-0.12921288080200588,-0.045786450910978646,340571.71255426103
2014-12-01,382595.352,Chihuahua,08,2014-06-01,109.247630401504,0.0746174120477412,0.05225437414687174,358368.07424591226
2014-12-01,382595.352,Chihuahua,08,2014-09-01,113.347754561327,0.03753055461939381,-0.023619487912314593,349903.60384810145
2014-12-01,382595.352,Chihuahua,08,2014-12-01,118.728425469126,0.04747046757673323,0.09343072718419476,382595.352
2014-12-01,382595.352,Chihuahua,08,2015-03-01,108.15471662325,-0.08905793877158397,-0.038660921709162514,367803.8630500385
2014-12-01,382595.352,Chihuahua,08,2015-06-01,112.490308182488,0.040086939290320034,0.05777240130709768,389052.77542846615
2014-12-01,382595.352,Chihuahua,08,2015-09-01,119.211018775815,0.05974479670216848,-0.011567922547807197,384552.24305530026
2014-12-01,382595.352,Chihuahua,08,2015-12-01,125.090017558231,0.04931590085201676,0.08659408482434404,417852.1926098227
2014-12-01,2255222.518,Ciudad de México,09,2012-09-01,107.812,0.017445590070926276,-0.006494623981147205,1998996.5326963104
2014-12-01,2255222.518,Ciudad de México,09,2012-12-01,115.82,0.0742774459243869,0.05868625310832108,2116310.1491767825
2014-12-01,2255222.518,Ciudad de México,09,2013-03-01,107.983117882711,-0.06766432496364183,-0.05468294434765207,2000584.079066977
2014-12-01,2255222.518,Ciudad de México,09,2013-06-01,107.223021607656,-0.00703902878485696,0.029085918354272565,2058772.9042515769
2014-12-01,2255222.518,Ciudad de México,09,2013-09-01,110.533,0.030870034650354095,-0.007016612503292301,2044327.292550166
2014-12-01,2255222.518,Ciudad de México,09,2013-12-01,116.565,0.05457193779233349,0.058205741916377444,2163318.8793329475
2014-12-01,2255222.518,Ciudad de México,09,2014-03-01,108.147036150038,-0.07221690773355627,-0.05966116188374827,2034252.7614668957
2014-12-01,2255222.518,Ciudad de México,09,2014-06-01,108.584241871486,0.004042697211243285,0.029773750219444003,2094820.095070025
2014-12-01,2255222.518,Ciudad de México,09,2014-09-01,109.943,0.012513400702490074,0.0014947216831091032,2097951.268088339
2014-12-01,2255222.518,Ciudad de México,09,2014-12-01,117.897,0.0723465795912428,0.07496420546267854,2255222.518
2014-12-01,2255222.518,Ciudad de México,09,2015-03-01,110.706549131633,-0.06098926069676924,-0.0596194869890526,2120767.3084306805
2014-12-01,2255222.518,Ciudad de México,09,2015-06-01,110.507745385989,-0.0017957722212768035,0.01837494191008126,2159736.2845278936
2014-12-01,2255222.518,Ciudad de México,09,2015-09-01,112.887,0.02153020682578033,0.0018153899096970414,2163657.047986432
2014-12-01,2255222.518,Ciudad de México,09,2015-12-01,121.845,0.07935368997315906,0.07232019548272663,2320133.14865439
2014-12-01,159407.131,Durango,10,2012-09-01,110.808308141493,0.028727655911960248,-0.0019721515611881204,149491.5273709215
2014-12-01,159407.131,Durango,10,2012-12-01,113.307165626473,0.02255117442808685,0.04185196527331439,155748.0415831041
2014-12-01,159407.131,Durango,10,2013-03-01,106.164841523178,-0.0630350610555408,-0.03741913477954557,149920.08462345565
2014-12-01,159407.131,Durango,10,2013-06-01,107.422872284581,0.01184978702321482,0.016443518873638246,152385.29836449886
2014-12-01,159407.131,Durango,10,2013-09-01,111.253722538887,0.03566140220266534,-0.004697431248743112,151669.4789021124
2014-12-01,159407.131,Durango,10,2013-12-01,113.559491214131,0.020725317073665206,0.03269152295386203,156627.7851530411
2014-12-01,159407.131,Durango,10,2014-03-01,105.426118816536,-0.07162212784362054,-0.04288032153546843,149911.53536429047
2014-12-01,159407.131,Durango,10,2014-06-01,111.313108327163,0.05583995291405541,0.016316404990589662,152357.5526880553
2014-12-01,159407.131,Durango,10,2014-09-01,112.611863775768,0.011667587655425082,-0.003063657582642788,151890.78131648965
2014-12-01,159407.131,Durango,10,2014-12-01,117.246825101418,0.04115873026379435,0.04948522628143419,159407.131
2014-12-01,159407.131,Durango,10,2015-03-01,107.27029524594,-0.08508997874226731,-0.03945400646956303,153117.88102223154
2014-12-01,159407.131,Durango,10,2015-06-01,112.111400689889,0.04512997221504533,0.016954453834014314,155713.91106718508
2014-12-01,159407.131,Durango,10,2015-09-01,115.848942010017,0.03333774528842426,-4.520805250354805e-4,155643.51584051448
2014-12-01,159407.131,Durango,10,2015-12-01,119.234759761701,0.02922614305265947,0.07232399188290137,166900.27621679008
2014-12-01,555857.872,Guanajuato,11,2012-09-01,113.475,0.02610631002566155,-0.001551679925405918,467605.0281841125
2014-12-01,555857.872,Guanajuato,11,2012-12-01,117.777,0.037911434236616026,0.03301654954678657,483043.73276547977
2014-12-01,555857.872,Guanajuato,11,2013-03-01,112.580799733244,-0.04411897286190003,-0.02760294668287533,469710.30236445717
2014-12-01,555857.872,Guanajuato,11,2013-06-01,112.016092654174,-0.005016015878445135,0.036427040649064324,486820.4586419715
2014-12-01,555857.872,Guanajuato,11,2013-09-01,119.264,0.06470416146546354,0.007553843521084978,490497.8242094158
2014-12-01,555857.872,Guanajuato,11,2013-12-01,124.22,0.04155486986852708,0.051063733014155774,515544.47414886975
2014-12-01,555857.872,Guanajuato,11,2014-03-01,118.574916188086,-0.045444242568942195,-0.01708356637048472,506737.1359078109
2014-12-01,555857.872,Guanajuato,11,2014-06-01,120.597056474553,0.017053693575962203,0.03085735798689284,522373.705115771
2014-12-01,555857.872,Guanajuato,11,2014-09-01,125.888,0.043872907682149354,0.005121399382452627,525048.9894865605
2014-12-01,555857.872,Guanajuato,11,2014-12-01,132.962,0.05619280630401624,0.058678110291322166,555857.872
2014-12-01,555857.872,Guanajuato,11,2015-03-01,129.434182267747,-0.026532526077021945,-0.01485154547894194,547602.5235341641
2014-12-01,555857.872,Guanajuato,11,2015-06-01,133.819091970391,0.033877524667891956,0.022283177244881595,559804.8476258202
2014-12-01,555857.872,Guanajuato,11,2015-09-01,129.978,-0.028703617053692843,-0.004114004040825979,557501.8082206136
2014-12-01,555857.872,Guanajuato,11,2015-12-01,136.435,0.049677637754081516,0.0413385020022603,580548.0978360053
2014-12-01,197375.609,Guerrero,12,2012-09-01,105.245509422931,-0.003896970222126317,-0.012167157232906864,179327.52837857368
2014-12-01,197375.609,Guerrero,12,2012-12-01,113.082302394006,0.07446201756297954,0.03949260390471984,186409.63942604113
2014-12-01,197375.609,Guerrero,12,2013-03-01,103.954492213114,-0.08071829090540195,-0.03980113190851662,178990.32477822623
2014-12-01,197375.609,Guerrero,12,2013-06-01,105.277296605928,0.012724841078557425,-0.00799490618873797,177559.31392293255
2014-12-01,197375.609,Guerrero,12,2013-09-01,105.92371134711,0.006140115314716477,0.0018132020709324117,177881.26483865097
2014-12-01,197375.609,Guerrero,12,2013-12-01,112.922632680898,0.06607511429478397,0.06588996965604729,189601.855981249
2014-12-01,197375.609,Guerrero,12,2014-03-01,109.341369719287,-0.0317143063050177,-0.006760650549854631,188320.0240893559
2014-12-01,197375.609,Guerrero,12,2014-06-01,114.150691935172,0.04398447018024387,-0.00891909228270719,186640.3804158213
2014-12-01,197375.609,Guerrero,12,2014-09-01,111.900016862857,-0.019716701091861966,-0.001037413921132187,186446.75708693254
2014-12-01,197375.609,Guerrero,12,2014-12-01,117.63706375083,0.05126940146045045,0.05861647627355493,197375.609
2014-12-01,197375.609,Guerrero,12,2015-03-01,110.236086510085,-0.06291365157176299,-0.012437415068482888,194920.76662647238
2014-12-01,197375.609,Guerrero,12,2015-06-01,114.670363753428,0.04022527816185972,-0.027760743612486663,189509.62119940555
2014-12-01,197375.609,Guerrero,12,2015-09-01,110.640206230048,-0.0351455894222672,-0.001647456757977843,189197.41229325876
2014-12-01,197375.609,Guerrero,12,2015-12-01,116.074781824486,0.04911935524720734,0.06260879939990903,201042.83512650928
2014-12-01,215891.576,Hidalgo,13,2012-09-01,107.926256639104,0.0016357924742831376,-0.007032439076749597,186195.86404056763
2014-12-01,215891.576,Hidalgo,13,2012-12-01,115.024735700188,0.06577156738439194,0.0655047117165805,198392.57043736466
2014-12-01,215891.576,Hidalgo,13,2013-03-01,106.837245530368,-0.07118025631600411,-0.023759723790811628,193678.81776162374
2014-12-01,215891.576,Hidalgo,13,2013-06-01,110.92,0.03821471107163199,0.02424758614528999,198375.0615798166
2014-12-01,215891.576,Hidalgo,13,2013-09-01,109.280368262721,-0.014782110866200848,-0.010652919125246931,196261.78809234095
2014-12-01,215891.576,Hidalgo,13,2013-12-01,116.303123323743,0.06426364746629143,0.051392561063257326,206348.18402126062
2014-12-01,215891.576,Hidalgo,13,2014-03-01,109.554895291057,-0.058022758459388424,-0.01892677254730484,202442.67887674086
2014-12-01,215891.576,Hidalgo,13,2014-06-01,114.315,0.04344949348266658,0.038385336164822474,210213.5091595318
2014-12-01,215891.576,Hidalgo,13,2014-09-01,113.343670342865,-0.008496957154660367,-0.01612677243556226,206823.44373443504
2014-12-01,215891.576,Hidalgo,13,2014-12-01,122.462734428057,0.08045499195152939,0.04384479874152281,215891.576
2014-12-01,215891.576,Hidalgo,13,2015-03-01,111.798640500024,-0.08708031857885568,-0.054207849129906234,204188.55801977433
2014-12-01,215891.576,Hidalgo,13,2015-06-01,118.714,0.06185548830510612,0.004132967094193913,205032.46261108093
2014-12-01,215891.576,Hidalgo,13,2015-09-01,117.768413844616,-0.007965245509240604,-0.031043081752806238,198667.62311226595
2014-12-01,215891.576,Hidalgo,13,2015-12-01,129.03822486398,0.09569468290736594,0.13805432509163715,226094.54773858955
2014-12-01,849900.115,Jalisco,14,2012-09-01,107.401,0.011147172455200582,0.002683099237493011,737792.247823528
2014-12-01,849900.115,Jalisco,14,2012-12-01,112.523,0.04769043118779148,0.03111864609840355,760751.3436776941
2014-12-01,849900.115,Jalisco,14,2013-03-01,106.763850993523,-0.05118197174335026,-0.04166916249881892,729051.4723167935
2014-12-01,849900.115,Jalisco,14,2013-06-01,108.12595076493,0.012758061448061131,0.05211618753186868,767046.8555684404
2014-12-01,849900.115,Jalisco,14,2013-09-01,109.173,0.009683607197557231,0.008637231473107184,773672.0168107039
2014-12-01,849900.115,Jalisco,14,2013-12-01,114.701,0.05063523032251549,0.04970134577225423,812124.5572325301
2014-12-01,849900.115,Jalisco,14,2014-03-01,107.901419006821,-0.05928092164130205,-0.032476723452036615,785749.4125786815
2014-12-01,849900.115,Jalisco,14,2014-06-01,112.008662121821,0.03806477387234697,0.03708656044149124,814890.1556601468
2014-12-01,849900.115,Jalisco,14,2014-09-01,113.945,0.017287394041659132,-0.001936028214948368,813312.5053267053
2014-12-01,849900.115,Jalisco,14,2014-12-01,120.04,0.05349071920663495,0.044985918000360156,849900.115
2014-12-01,849900.115,Jalisco,14,2015-03-01,114.36717185324,-0.04725781528457185,-0.03979922664254029,816074.7476995938
2014-12-01,849900.115,Jalisco,14,2015-06-01,115.559206246347,0.01042287199893921,0.02252282290191452,834455.0547167565
2014-12-01,849900.115,Jalisco,14,2015-09-01,120.247,0.040566164357858536,-0.0020776259936893817,832721.3692045114
2014-12-01,849900.115,Jalisco,14,2015-12-01,124.743,0.03738970618809612,0.0405223789525777,866465.2200893259
2014-12-01,1207783.496,México,15,2012-09-01,112.275894361907,0.016789175725009597,-0.011119025608444955,1132363.213548427
2014-12-01,1207783.496,México,15,2012-12-01,116.136139552279,0.03438178081155141,0.031150633068323948,1167637.0445137422
2014-12-01,1207783.496,México,15,2013-03-01,109.549584286361,-0.05671408823566981,-0.03951423731823711,1121498.7572352614
2014-12-01,1207783.496,México,15,2013-06-01,112.276,0.024887503968177516,0.027086031935884138,1151875.7083897898
2014-12-01,1207783.496,México,15,2013-09-01,113.377897518758,0.009814185745466553,-0.00868712066625153,1141869.2251184836
2014-12-01,1207783.496,México,15,2013-12-01,115.175537919218,0.01585529842941913,0.033670662755635315,1180316.718708487
2014-12-01,1207783.496,México,15,2014-03-01,109.711602668244,-0.04744006713306004,-0.03283249155537872,1141563.9800088182
2014-12-01,1207783.496,México,15,2014-06-01,112.823,0.028359783797567095,0.02599938708722925,1171243.9438099058
2014-12-01,1207783.496,México,15,2014-09-01,114.968271176814,0.019014484429717315,-0.008950129580904872,1160761.1587419568
2014-12-01,1207783.496,México,15,2014-12-01,119.011965603124,0.03517226435536336,0.040509916190688514,1207783.496
2014-12-01,1207783.496,México,15,2015-03-01,112.323016960076,-0.056204001077958976,-0.021115173671164434,1182280.9377247938
2014-12-01,1207783.496,México,15,2015-06-01,114.517,0.019532800126832672,0.031436651148084895,1219447.8911230788
2014-12-01,1207783.496,México,15,2015-09-01,116.909403937399,0.020891255773370032,-0.003466321454448566,1215220.8927354969
2014-12-01,1207783.496,México,15,2015-12-01,121.363645949623,0.038099946302087906,0.03827154068685787,1261729.268575343
2014-12-01,317818.746,Michoacán,16,2012-09-01,101.910111467716,-0.01910755162305111,-0.011323746143174001,288883.4485301826
2014-12-01,317818.746,Michoacán,16,2012-12-01,108.438407596914,0.06405935618337621,0.011436734467512286,292187.33182308153
2014-12-01,317818.746,Michoacán,16,2013-03-01,105.307317518963,-0.028874364234394267,-0.021219551505933864,285987.2476860802
2014-12-01,317818.746,Michoacán,16,2013-06-01,104.827722074822,-0.004554246138257501,0.024519640053201914,292999.55205914885
2014-12-01,317818.746,Michoacán,16,2013-09-01,104.131892854032,-0.006637835937075343,-0.01554303583269849,288445.4495225289
2014-12-01,317818.746,Michoacán,16,2013-12-01,110.049058699585,0.056823761514135374,0.03642387284172911,298951.74989771296
2014-12-01,317818.746,Michoacán,16,2014-03-01,115.759019471207,0.05188559392597081,0.01792498741685524,304310.45625287626
2014-12-01,317818.746,Michoacán,16,2014-06-01,116.6887215572,0.008031357644872283,0.030880764021389184,313707.79564166267
2014-12-01,317818.746,Michoacán,16,2014-09-01,107.776754020252,-0.07637385531368102,-0.01344895069231479,309488.7549662832
2014-12-01,317818.746,Michoacán,16,2014-12-01,110.930049643452,0.02925765998303742,0.026915326970843458,317818.746
2014-12-01,317818.746,Michoacán,16,2015-03-01,110.724808798298,-0.00185018257734193,-0.018508688067606777,311936.33796824806
2014-12-01,317818.746,Michoacán,16,2015-06-01,112.725810100562,0.01807184247126692,0.009113341513827668,314779.12034672545
2014-12-01,317818.746,Michoacán,16,2015-09-01,114.344233256949,0.014357165896108581,-0.01106535207721723,311295.9785535322
2014-12-01,317818.746,Michoacán,16,2015-12-01,112.962455337585,-0.012084369102016157,0.026898989726536565,319669.52588255575
2014-12-01,156020.594,Morelos,17,2012-09-01,115.439667189605,0.0024984346465832807,1.329441388421386e-4,145074.07380667247
2014-12-01,156020.594,Morelos,17,2012-12-01,118.105576349367,0.023093527767914956,0.04354663841119642,151391.5620415709
2014-12-01,156020.594,Morelos,17,2013-03-01,115.850591414963,-0.019092959063453097,-0.025078658526198304,147594.86475338257
2014-12-01,156020.594,Morelos,17,2013-06-01,117.468225210139,0.013963103471624327,0.018060506157351955,150260.50271705457
2014-12-01,156020.594,Morelos,17,2013-09-01,115.585550325146,-0.016027099086796226,-0.0017699779142100287,149994.5449458673
2014-12-01,156020.594,Morelos,17,2013-12-01,119.225990682256,0.031495635456761706,0.04198904313233341,156292.67236321402
2014-12-01,156020.594,Morelos,17,2014-03-01,114.451757127618,-0.040043563717256925,-0.026845470713582318,152096.92200453984
2014-12-01,156020.594,Morelos,17,2014-06-01,116.672410248512,0.019402525366368106,0.005418616682957808,152921.07692354012
2014-12-01,156020.594,Morelos,17,2014-09-01,115.087366231296,-0.013585422756244192,-0.017647328281091466,150222.4284779724
2014-12-01,156020.594,Morelos,17,2014-12-01,122.1878965186,0.061696870124160696,0.03859720269984734,156020.594
2014-12-01,156020.594,Morelos,17,2015-03-01,117.557481668735,-0.03789585533261175,-0.02953143354896806,151413.08219601848
2014-12-01,156020.594,Morelos,17,2015-06-01,118.887634479263,0.011314914130912124,-0.004566728778877002,150721.61971605546
2014-12-01,156020.594,Morelos,17,2015-09-01,118.574946425481,-0.0026301141843018128,-0.005432803690056163,149902.77874429082
2014-12-01,156020.594,Morelos,17,2015-12-01,124.223585756525,0.04763771354173807,0.0449551605958536,156641.68223650515
2014-12-01,88289.765,Nayarit,18,2012-09-01,101.256515074782,-0.0467956545308259,-0.006131973733270354,82446.63379639934
2014-12-01,88289.765,Nayarit,18,2012-12-01,106.805799206827,0.054804218058923215,0.018465240719154695,83969.03073593386
2014-12-01,88289.765,Nayarit,18,2013-03-01,112.237250206055,0.05085352143388877,-0.011285117848191646,83021.4303284804
2014-12-01,88289.765,Nayarit,18,2013-06-01,108.968963580493,-0.029119446703850915,0.011864634016571902,84006.44921486014
2014-12-01,88289.765,Nayarit,18,2013-09-01,104.431845383309,-0.04163679315746205,-0.003761123684483712,83690.49056906877
2014-12-01,88289.765,Nayarit,18,2013-12-01,103.798742679298,-0.006062352931591297,0.027248888978883036,85970.96345517361
2014-12-01,88289.765,Nayarit,18,2014-03-01,109.945907714415,0.059221960463525125,0.005947063904636897,86482.23826878471
2014-12-01,88289.765,Nayarit,18,2014-06-01,113.135174638668,0.029007600105837028,0.008702106623066537,87234.81592720113
2014-12-01,88289.765,Nayarit,18,2014-09-01,109.82125770373,-0.029291658810109422,-0.01085156767329441,86288.18141869972
2014-12-01,88289.765,Nayarit,18,2014-12-01,115.852770029632,0.05492117329573376,0.02319649746224127,88289.765
2014-12-01,88289.765,Nayarit,18,2015-03-01,121.312670602797,0.04712792427637691,-0.0011151489974362597,88191.30875707637
2014-12-01,88289.765,Nayarit,18,2015-06-01,120.016342852444,-0.010685839689387855,0.011313773402349982,89189.08524041061
2014-12-01,88289.765,Nayarit,18,2015-09-01,114.148010893552,-0.04889610714189907,-0.00272077071716001,88946.42218899821
2014-12-01,88289.765,Nayarit,18,2015-12-01,114.710109921224,0.004924299804016652,0.017500342020107047,90503.01499877052
2014-12-01,999184.75,Nuevo León,19,2012-09-01,113.32,0.019169113012863725,-0.0015392588547927487,909672.6393583276
2014-12-01,999184.75,Nuevo León,19,2012-12-01,115.676,0.020790681256618537,0.020010388607626637,927875.5423776131
2014-12-01,999184.75,Nuevo León,19,2013-03-01,111.377233087579,-0.03716213313410732,1.536672715481825e-4,928018.1264805467
2014-12-01,999184.75,Nuevo León,19,2013-06-01,112.421401204628,0.009375058870675579,0.015669293921345633,942559.5152687067
2014-12-01,999184.75,Nuevo León,19,2013-09-01,113.965,0.013730471056506044,0.001016349479587212,943517.48514153
2014-12-01,999184.75,Nuevo León,19,2013-12-01,116.914,0.025876365550826952,0.02122141464901635,963540.2609223156
2014-12-01,999184.75,Nuevo León,19,2014-03-01,112.80032569322,-0.035185472285440555,0.004411613619861407,967791.0282606852
2014-12-01,999184.75,Nuevo León,19,2014-06-01,116.48899299933299,0.032700856876468176,0.016126658684577765,983398.2638514419
2014-12-01,999184.75,Nuevo León,19,2014-09-01,119.765,0.028122888835392157,-0.0028907506806948244,980555.5046508193
2014-12-01,999184.75,Nuevo León,19,2014-12-01,123.372,0.030117313071431617,0.018998664798495726,999184.7500000001
2014-12-01,999184.75,Nuevo León,19,2015-03-01,120.244249970297,-0.025352187122710146,0.0035149225969209417,1002696.8070562737
2014-12-01,999184.75,Nuevo León,19,2015-06-01,121.805422684394,0.0129833461016442,0.016137703813615848,1018878.0311434062
2014-12-01,999184.75,Nuevo León,19,2015-09-01,124.37,0.0210547056041257,1.1960622152182038e-4,1018999.8952949027
2014-12-01,999184.75,Nuevo León,19,2015-12-01,126.07,0.01366889121170689,0.016939624777371605,1036261.3711693797
2014-12-01,210570.798,Oaxaca,20,2012-09-01,106.839978861071,-0.00762787407937815,-0.00832159292083597,198354.9164019744
2014-12-01,210570.798,Oaxaca,20,2012-12-01,114.479659691488,0.0715058249903926,0.04795532078439045,207867.09004719203
2014-12-01,210570.798,Oaxaca,20,2013-03-01,109.896671412996,-0.040033210186357304,-0.027012684946044287,202252.0418330962
2014-12-01,210570.798,Oaxaca,20,2013-06-01,110.73145995309,0.007596122151478424,-0.0026475352623093586,201716.57242046902
2014-12-01,210570.798,Oaxaca,20,2013-09-01,110.078842975775,-0.005893690714377509,0.012004982090661673,204138.17625976642
2014-12-01,210570.798,Oaxaca,20,2013-12-01,115.215143488042,0.046660197122505576,0.03898190064138947,212095.87036383903
2014-12-01,210570.798,Oaxaca,20,2014-03-01,113.524948042447,-0.014669907048897923,-0.029259193948240884,205890.1161572425
2014-12-01,210570.798,Oaxaca,20,2014-06-01,115.677639454595,0.01896227612756185,-0.0068713788385532625,204475.3671700124
2014-12-01,210570.798,Oaxaca,20,2014-09-01,112.264681543293,-0.029504041813038784,-0.008943575480881233,202646.6262897465
2014-12-01,210570.798,Oaxaca,20,2014-12-01,116.31289583363,0.036059553500589425,0.03910339814354208,210570.798
2014-12-01,210570.798,Oaxaca,20,2015-03-01,115.318967283965,-0.008545299663819561,-0.006255288811242417,209253.61684329624
2014-12-01,210570.798,Oaxaca,20,2015-06-01,115.738375998892,0.00363694476984211,-3.864459490502733e-4,209172.751630743
2014-12-01,210570.798,Oaxaca,20,2015-09-01,116.832132786788,0.009450251729007153,0.013294341756471869,211953.56567706374
2014-12-01,210570.798,Oaxaca,20,2015-12-01,118.097568939305,0.010831233859492695,0.03678613348570275,219750.51783683084
2014-12-01,425693.074,Puebla,21,2012-09-01,114.078022773421,0.0175046829911909,-5.360961818294272e-4,409345.5861020978
2014-12-01,425693.074,Puebla,21,2012-12-01,116.934473675606,0.02503944960422766,0.018976537879307503,417113.5481224916
2014-12-01,425693.074,Puebla,21,2013-03-01,111.218658319333,-0.04888049842452391,-0.008269807022507458,413664.0995730452
2014-12-01,425693.074,Puebla,21,2013-06-01,112.8143185578,0.01434705527453417,0.01243599449432418,418808.4240378351
2014-12-01,425693.074,Puebla,21,2013-09-01,112.017284427108,-0.007065008598918565,-0.0047379394622574685,416824.13507846044
2014-12-01,425693.074,Puebla,21,2013-12-01,114.716495826855,0.024096383103300756,0.01328862028416322,422363.1527347928
2014-12-01,425693.074,Puebla,21,2014-03-01,109.631539695876,-0.04432628537271455,-0.01366071759316845,416593.3689835225
2014-12-01,425693.074,Puebla,21,2014-06-01,113.775157231883,0.03779585279474884,0.010124297936187812,420811.0843693519
2014-12-01,425693.074,Puebla,21,2014-09-01,113.874342826087,8.717684652534974e-4,-0.008713369575424349,417144.40186980664
2014-12-01,425693.074,Puebla,21,2014-12-01,119.990970172135,0.05371383223163373,0.02049331620387275,425693.074
2014-12-01,425693.074,Puebla,21,2015-03-01,111.787282118915,-0.06836921179528144,-0.02037185573461772,417020.916109246
2014-12-01,425693.074,Puebla,21,2015-06-01,115.488793115158,0.03311209402430482,-0.0067825256955669575,414192.46103014617
2014-12-01,425693.074,Puebla,21,2015-09-01,116.307682178183,0.0070906365971670215,6.053121991292693e-4,414443.17677959515
2014-12-01,425693.074,Puebla,21,2015-12-01,122.101705477922,0.04981634223320319,0.08189532539651319,448384.1356003246
2014-12-01,292512.482,Querétaro,22,2012-09-01,118.604114287375,0.02093021573619369,0.017023923679115354,253570.78191651864
2014-12-01,292512.482,Querétaro,22,2012-12-01,119.494016677188,0.007503132544430802,0.02710132025424042,260442.88488435643
2014-12-01,292512.482,Querétaro,22,2013-03-01,118.281394344414,-0.01014797532540801,-0.010582744439589073,257686.68439251592
2014-12-01,292512.482,Querétaro,22,2013-06-01,119.922830848777,0.013877385479439175,0.01781165669342846,262276.5111493833
2014-12-01,292512.482,Querétaro,22,2013-09-01,123.565254132943,0.03037305956160341,0.015617239940496352,266372.54635475954
2014-12-01,292512.482,Querétaro,22,2013-12-01,123.609482444716,3.5793485865709407e-4,0.021915111803080735,272210.13048939535
2014-12-01,292512.482,Querétaro,22,2014-03-01,123.796679734606,0.0015144249954588407,-0.010055265308524892,269472.9854076563
2014-12-01,292512.482,Querétaro,22,2014-06-01,126.936717778921,0.025364477068743563,0.022753748341486794,275604.5059024513
2014-12-01,292512.482,Querétaro,22,2014-09-01,132.765759989201,0.045920851840774324,0.01893615958986773,280823.3968099068
2014-12-01,292512.482,Querétaro,22,2014-12-01,141.433563856268,0.06528644032747621,0.04162432803989526,292512.482
2014-12-01,292512.482,Querétaro,22,2015-03-01,138.386163604592,-0.02154651391499196,0.008792052785629386,295084.26718219946
2014-12-01,292512.482,Querétaro,22,2015-06-01,137.656596771359,-0.00527196371537253,0.024593582223077008,302341.44636988133
2014-12-01,292512.482,Querétaro,22,2015-09-01,142.569228202185,0.03568758451137399,0.015370713813182144,306988.6502158963
2014-12-01,292512.482,Querétaro,22,2015-12-01,146.95489912016,0.030761693622662012,0.029708920175654963,316108.9515199925
2014-12-01,213316.601,Quintana Roo,23,2012-09-01,109.32162310213,0.014563425215224246,0.010053065271027239,194467.9859605447
2014-12-01,213316.601,Quintana Roo,23,2012-12-01,113.831518679104,0.04125346339544156,0.017021253737965,197778.07489349018
2014-12-01,213316.601,Quintana Roo,23,2013-03-01,115.989267759457,0.018955638169387834,0.007892577630036882,199339.05370310633
2014-12-01,213316.601,Quintana Roo,23,2013-06-01,112.961240011256,-0.02610610280324066,0.007882760366689596,200910.39569517053
2014-12-01,213316.601,Quintana Roo,23,2013-09-01,111.655961123148,-0.01155510410453997,0.010961455948700276,203112.6661472191
2014-12-01,213316.601,Quintana Roo,23,2013-12-01,118.319242721868,0.05967689975254342,0.00681273036581502,204496.41797556193
2014-12-01,213316.601,Quintana Roo,23,2014-03-01,116.510079588463,-0.015290523263893574,-0.009328767095233434,202588.7185204584
2014-12-01,213316.601,Quintana Roo,23,2014-06-01,116.789202227158,0.0023956952023458378,0.013009584251043987,205224.31352236136
2014-12-01,213316.601,Quintana Roo,23,2014-09-01,118.697994530237,0.016343910795506122,0.018091508785140202,208937.1309933755
2014-12-01,213316.601,Quintana Roo,23,2014-12-01,123.274620244007,0.03855689164659104,0.020960707107456858,213316.601
2014-12-01,213316.601,Quintana Roo,23,2015-03-01,121.147638553328,-0.01725401129988402,0.014250577212510933,216356.48569326088
2014-12-01,213316.601,Quintana Roo,23,2015-06-01,124.206003793108,0.025244943081855764,0.011747922946479281,218898.22501615633
2014-12-01,213316.601,Quintana Roo,23,2015-09-01,124.534277135324,0.0026429748336709302,0.01417153836331571,222000.3496096345
2014-12-01,213316.601,Quintana Roo,23,2015-12-01,127.840690629934,0.026550228344097704,0.032451414074158746,229204.57487942476
2014-12-01,258089.68,San Luis Potosí,24,2012-09-01,113.863,-0.006119483617579857,-0.005437971804187213,239823.3770278717
2014-12-01,258089.68,San Luis Potosí,24,2012-12-01,118.145,0.03760659740214112,0.03236309549595619,247584.8038807874
2014-12-01,258089.68,San Luis Potosí,24,2013-03-01,113.713456536946,-0.03750936106525027,-0.011456607581220348,244748.32193965183
2014-12-01,258089.68,San Luis Potosí,24,2013-06-01,117.038425506624,0.029239890079303832,0.02476697487194225,250809.99747908127
2014-12-01,258089.68,San Luis Potosí,24,2013-09-01,113.683,-0.028669434778359038,-0.012938437874369334,247564.9079084274
2014-12-01,258089.68,San Luis Potosí,24,2013-12-01,116.746,0.02694334245225738,0.01912993285429049,252300.80797379423
2014-12-01,258089.68,San Luis Potosí,24,2014-03-01,113.798128298712,-0.02525030152029184,-0.01364685049924717,248857.69656653656
2014-12-01,258089.68,San Luis Potosí,24,2014-06-01,117.591632956159,0.033335387094323154,0.028921242095698515,256054.97025631528
2014-12-01,258089.68,San Luis Potosí,24,2014-09-01,116.579,-0.008611437146523349,-0.014477511923254076,252347.93137142106
2014-12-01,258089.68,San Luis Potosí,24,2014-12-01,121.269,0.040230230144365775,0.022753301750383283,258089.68
2014-12-01,258089.68,San Luis Potosí,24,2015-03-01,118.698860259929,-0.021193707708243692,-0.017234268850139345,253641.69306743357
2014-12-01,258089.68,San Luis Potosí,24,2015-06-01,121.308915220149,0.021988879712108833,0.016398544643419166,257801.04769463232
2014-12-01,258089.68,San Luis Potosí,24,2015-09-01,125.764,0.03672512256635052,-8.724528524617454e-4,257576.12843520346
2014-12-01,258089.68,San Luis Potosí,24,2015-12-01,128.798,0.02412455074584141,0.0545712840336333,271632.38850032457
2014-12-01,276691.648,Sinaloa,25,2012-09-01,97.024549581495,-0.049943210952313355,-0.05927049611744725,250029.45547079886
2014-12-01,276691.648,Sinaloa,25,2012-12-01,109.212963501979,0.12562195828846856,0.10001922373615418,275037.2075181615
2014-12-01,276691.648,Sinaloa,25,2013-03-01,107.262089356157,-0.017863027275023535,-0.032971092098840915,265968.93041847215
2014-12-01,276691.648,Sinaloa,25,2013-06-01,104.407,-0.02661787937653226,-0.0072953236739788825,264028.6009838474
2014-12-01,276691.648,Sinaloa,25,2013-09-01,96.809734849753,-0.07276586005006369,-0.07526454721712696,244156.6078784267
2014-12-01,276691.648,Sinaloa,25,2013-12-01,109.72933560091,0.13345352893702267,0.06605499844782058,260284.3722328613
2014-12-01,276691.648,Sinaloa,25,2014-03-01,108.984096682171,-0.006791610599461428,0.0025142923660516794,260938.80324296895
2014-12-01,276691.648,Sinaloa,25,2014-06-01,106.314,-0.024499874417070022,-0.011803873185019461,257858.71470043817
2014-12-01,276691.648,Sinaloa,25,2014-09-01,100.607343583128,-0.05367737472837064,-0.038333141684861224,247974.1800551501
2014-12-01,276691.648,Sinaloa,25,2014-12-01,114.037148739789,0.13348732486475479,0.11580829882555962,276691.648
2014-12-01,276691.648,Sinaloa,25,2015-03-01,114.510332416297,0.004149381861411783,0.005638884727895366,278251.8803082434
2014-12-01,276691.648,Sinaloa,25,2015-06-01,113.218,-0.011285727576082705,-0.03127069121786302,269550.7516783345
2014-12-01,276691.648,Sinaloa,25,2015-09-01,105.778983340687,-0.0657052470394548,-0.01584016061604035,265281.0244775753
2014-12-01,276691.648,Sinaloa,25,2015-12-01,119.38220849305699,0.12860045278141397,0.17817646242639598,312547.85896783986
2014-12-01,397168.56,Sonora,26,2012-09-01,114.520093082819,-0.07778955481704786,-0.05467224231627742,374547.5072100244
2014-12-01,397168.56,Sonora,26,2012-12-01,118.013409975997,0.03050396484267348,0.05658993262052646,395743.12540622574
2014-12-01,397168.56,Sonora,26,2013-03-01,117.090553478715,-0.007819929086615773,-0.03667812459368709,381228.0097454811
2014-12-01,397168.56,Sonora,26,2013-06-01,130.82,0.117254945966079,0.033863492284927674,394137.7215122955
2014-12-01,397168.56,Sonora,26,2013-09-01,121.384029887464,-0.07212941532285577,-0.0032787991509610898,392845.4230856392
2014-12-01,397168.56,Sonora,26,2013-12-01,121.904606783389,0.004288676989943729,0.02489647080523949,402625.8876924628
2014-12-01,397168.56,Sonora,26,2014-03-01,121.134663632845,-0.006315947943723699,-0.06223466220569259,377568.60157665523
2014-12-01,397168.56,Sonora,26,2014-06-01,130.394,0.07643837106131501,0.04704532685779688,395331.4398490703
2014-12-01,397168.56,Sonora,26,2014-09-01,120.135828354702,-0.07867058028205287,-0.02954476661530081,383651.46472303866
2014-12-01,397168.56,Sonora,26,2014-12-01,121.893686121839,0.01463225243635824,0.03523274774076392,397168.56
2014-12-01,397168.56,Sonora,26,2015-03-01,123.0627406329,0.009590771665502595,-0.023685615834209875,387761.3780664137
2014-12-01,397168.56,Sonora,26,2015-06-01,131.513,0.0686662699338656,0.022935525496256125,396654.8890395193
2014-12-01,397168.56,Sonora,26,2015-09-01,121.112126085833,-0.0790862797911005,-0.03908110294322666,381153.1784880317
2014-12-01,397168.56,Sonora,26,2015-12-01,125.085771150678,0.03280963841745166,0.060985001923637705,404397.805811325
2014-12-01,434361.427,Tabasco,27,2012-09-01,117.361621268846,-0.007663313931611682,-0.009282207750476997,422311.90557736467
2014-12-01,434361.427,Tabasco,27,2012-12-01,119.858848808653,0.021278059324747023,0.02160302412776617,431435.11986299546
2014-12-01,434361.427,Tabasco,27,2013-03-01,113.996760921295,-0.04890826122246872,-0.030693284113362158,418192.95915255806
2014-12-01,434361.427,Tabasco,27,2013-06-01,112.086361000739,-0.016758370195052885,0.015743911341144876,424776.9520249469
2014-12-01,434361.427,Tabasco,27,2013-09-01,114.952411819948,0.025570022914653157,-4.489645055838279e-4,424586.24225069763
2014-12-01,434361.427,Tabasco,27,2013-12-01,121.410730712647,0.05618254363218389,0.01867689394804804,432516.1944690141
2014-12-01,434361.427,Tabasco,27,2014-03-01,115.561664923651,-0.048175855253185795,-0.034484080571564796,417601.27117043803
2014-12-01,434361.427,Tabasco,27,2014-06-01,117.628175361111,0.017882317971321227,0.01653294509388674,424505.4500578362
2014-12-01,434361.427,Tabasco,27,2014-09-01,120.258594438964,0.022362151497953286,0.0010630619548268722,424956.7256514093
2014-12-01,434361.427,Tabasco,27,2014-12-01,119.045545962985,-0.010087000281669423,0.022130962474295225,434361.427
2014-12-01,434361.427,Tabasco,27,2015-03-01,116.085101924874,-0.024868162972107366,-0.03572690958277373,418843.03557132644
2014-12-01,434361.427,Tabasco,27,2015-06-01,116.720977615429,0.005477668365803989,0.017153533805893153,426027.6737413621
2014-12-01,434361.427,Tabasco,27,2015-09-01,118.094566115893,0.01176813738649174,0.0035647391539954014,427546.3512706335
2014-12-01,434361.427,Tabasco,27,2015-12-01,121.019150459416,0.024764766404687277,0.022991078265650763,437376.1028948901
2014-12-01,414122.097,Tamaulipas,28,2012-09-01,101.248,-0.020611612993379658,0.0012432040310441008,386305.826663133
2014-12-01,414122.097,Tamaulipas,28,2012-12-01,101.044,-0.002014854614412198,3.050162665134519e-4,386423.65622411424
2014-12-01,414122.097,Tamaulipas,28,2013-03-01,104.818818486149,0.0373581656124955,0.0392553498379164,401592.8520348386
2014-12-01,414122.097,Tamaulipas,28,2013-06-01,102.779496663184,-0.019455684126362005,-0.019280836628215378,393849.80586369574
2014-12-01,414122.097,Tamaulipas,28,2013-09-01,102.224,-0.00540474200807195,0.011671156790636263,398446.48869989265
2014-12-01,414122.097,Tamaulipas,28,2013-12-01,103.507,0.012550868680544669,0.006340083682773221,400972.6727813571
2014-12-01,414122.097,Tamaulipas,28,2014-03-01,106.94283790582,0.03319425648332963,0.038128119270831345,416261.0066735087
2014-12-01,414122.097,Tamaulipas,28,2014-06-01,104.327849949334,-0.024452202762647035,-0.026501457345937146,405229.4833603739
2014-12-01,414122.097,Tamaulipas,28,2014-09-01,107.653,0.03187212285387697,0.020583148152643296,413570.3818521995
2014-12-01,414122.097,Tamaulipas,28,2014-12-01,106.905,-0.0069482503971092235,0.0013340296404438434,414122.097
2014-12-01,414122.097,Tamaulipas,28,2015-03-01,109.587507820496,0.02509244488560869,0.02187991209400171,423183.05207854364
2014-12-01,414122.097,Tamaulipas,28,2015-06-01,105.491585065555,-0.03737581806906409,-0.027800668954925695,411418.2801403729
2014-12-01,414122.097,Tamaulipas,28,2015-09-01,109.645,0.039372002343731616,0.015712573118840265,417882.7199495061
2014-12-01,414122.097,Tamaulipas,28,2015-12-01,109.42,-0.0020520771581010733,-0.0217450112261258,408795.8555130001
2014-12-01,72748.891,Tlaxcala,29,2012-09-01,107.268742314627,-0.03335347404951039,-0.01129220328588386,68754.644357301
2014-12-01,72748.891,Tlaxcala,29,2012-12-01,115.212050670721,0.07405054058334803,0.045708908269211576,71897.34408931114
2014-12-01,72748.891,Tlaxcala,29,2013-03-01,105.488049493561,-0.08440090355609975,-0.06684992314973355,67091.01216227074
2014-12-01,72748.891,Tlaxcala,29,2013-06-01,111.850835808378,0.06031760322959978,0.038509805539685575,69674.67399410046
2014-12-01,72748.891,Tlaxcala,29,2013-09-01,108.010111943337,-0.03433790938872283,-0.027051118932584262,67789.89610129702
2014-12-01,72748.891,Tlaxcala,29,2013-12-01,112.140642333232,0.038242071187389426,0.06133079869571065,71947.5045726888
2014-12-01,72748.891,Tlaxcala,29,2014-03-01,104.800984736154,-0.06545046866476645,-0.046042086790804675,68634.89132277125
2014-12-01,72748.891,Tlaxcala,29,2014-06-01,111.418564561295,0.06314425233504584,0.04050233156414598,71414.76444799524
2014-12-01,72748.891,Tlaxcala,29,2014-09-01,111.937934866222,0.004661434178155011,-0.03415309363508505,68975.72931087534
2014-12-01,72748.891,Tlaxcala,29,2014-12-01,117.314401883546,0.04803078620084844,0.054702744383012605,72748.891
2014-12-01,72748.891,Tlaxcala,29,2015-03-01,110.817614522432,-0.055379282141020836,-0.04202109998698257,69691.90257734692
2014-12-01,72748.891,Tlaxcala,29,2015-06-01,115.19706569331,0.039519449951627594,0.06353034186668689,74119.4529734256
2014-12-01,72748.891,Tlaxcala,29,2015-09-01,116.912871261659,0.014894524943170007,-0.021969621719175544,72491.07662956722
2014-12-01,72748.891,Tlaxcala,29,2015-12-01,120.481165359648,0.030520968816195593,0.04555381080705578,75793.3214195503
2014-12-01,675351.552,Veracruz,30,2012-09-01,109.805845857419,-0.011808655146609892,-0.008441939796585184,678520.7818505203
2014-12-01,675351.552,Veracruz,30,2012-12-01,111.471737503239,0.015171247330339144,0.012534329313641507,687025.5847763842
2014-12-01,675351.552,Veracruz,30,2013-03-01,111.935715720206,0.004162294652970022,-0.013486365481944217,677760.1066446435
2014-12-01,675351.552,Veracruz,30,2013-06-01,111.203,-0.006545861751913851,-0.0015432248201808414,676714.1704259409
2014-12-01,675351.552,Veracruz,30,2013-09-01,107.204446791542,-0.0359572422367922,-0.010387788951233733,669684.6064432471
2014-12-01,675351.552,Veracruz,30,2013-12-01,109.348309224254,0.019997887185414287,0.008924790895091444,675661.4015214146
2014-12-01,675351.552,Veracruz,30,2014-03-01,111.512299883786,0.019789886783654342,-0.010818625473878863,668351.6738711983
2014-12-01,675351.552,Veracruz,30,2014-06-01,110.27,-0.011140474056052008,3.2216779505757224e-4,668566.9952562924
2014-12-01,675351.552,Veracruz,30,2014-09-01,106.959664022984,-0.03002027729224621,-0.0027753951108111016,666711.4576864084
2014-12-01,675351.552,Veracruz,30,2014-12-01,111.247284005502,0.04008632620233965,0.012959270781957136,675351.552
2014-12-01,675351.552,Veracruz,30,2015-03-01,111.313300676964,5.934227702919515e-4,-0.010315898553941447,668384.6939013212
2014-12-01,675351.552,Veracruz,30,2015-06-01,110.872,-0.003964491882642807,0.00352203375998287,670738.7673578974
2014-12-01,675351.552,Veracruz,30,2015-09-01,109.747800071552,-0.01013961981788003,-0.003940164921688207,668095.9459951374
2014-12-01,675351.552,Veracruz,30,2015-12-01,109.639879609445,-9.833496620127447e-4,0.012687903643392732,676572.6829824649
2014-12-01,195910.915,Yucatán,31,2012-09-01,108.25545342208,-0.005096467033544827,-0.0010992766776631866,184016.48996437038
2014-12-01,195910.915,Yucatán,31,2012-12-01,112.247159136714,0.03687302199059328,0.0075748002025762436,185410.37810982988
2014-12-01,195910.915,Yucatán,31,2013-03-01,106.676314687437,-0.04963015983764785,0.0013810499621463247,185666.43910549997
2014-12-01,195910.915,Yucatán,31,2013-06-01,109.608,0.027482064047233745,0.014772709291016857,188409.2354355038
2014-12-01,195910.915,Yucatán,31,2013-09-01,109.988098075711,0.0034677950123256363,0.015219869910132007,191276.79948869965
2014-12-01,195910.915,Yucatán,31,2013-12-01,115.483843160201,0.04996672531519719,0.003380439157016687,191923.39907152005
2014-12-01,195910.915,Yucatán,31,2014-03-01,111.416728607567,-0.03521803952256808,-0.002487709254979661,191445.9494554027
2014-12-01,195910.915,Yucatán,31,2014-06-01,110.806,-0.005481480341413603,0.018648470133957595,195016.1235260889
2014-12-01,195910.915,Yucatán,31,2014-09-01,114.709766311957,0.03523064014545252,0.01266845238772821,197486.67600181847
2014-12-01,195910.915,Yucatán,31,2014-12-01,118.9280840588,0.03677383262529843,-0.007979075012655216,195910.915
2014-12-01,195910.915,Yucatán,31,2015-03-01,112.704841082066,-0.05232778301260721,-0.002998768103386731,195323.4235969927
2014-12-01,195910.915,Yucatán,31,2015-06-01,117.334,0.0410732926242563,0.01742018793431062,198725.9943440253
2014-12-01,195910.915,Yucatán,31,2015-09-01,120.459192021584,0.02663500793959117,0.017950532580674708,202293.2317801247
2014-12-01,195910.915,Yucatán,31,2015-12-01,123.32788873509,0.02381467669974069,0.039111444141032944,210205.2122150021
2014-12-01,127682.23,Zacatecas,32,2012-09-01,128.724876094525,0.03408258503235384,-0.01957200816048689,109176.03063642516
2014-12-01,127682.23,Zacatecas,32,2012-12-01,130.854555810718,0.016544430111776975,-9.166056377894367e-4,109075.95927123235
2014-12-01,127682.23,Zacatecas,32,2013-03-01,112.132745000872,-0.14307343518805127,-0.03473906857827815,105286.76204186754
2014-12-01,127682.23,Zacatecas,32,2013-06-01,119.630341737115,0.0668635797347572,0.09548223455342153,115339.77735051942
2014-12-01,127682.23,Zacatecas,32,2013-09-01,130.87025224809,0.09395534901734592,-0.013927389861965392,113733.39530476644
2014-12-01,127682.23,Zacatecas,32,2013-12-01,132.351855563212,0.011321161911672206,-0.02516550396014801,110871.23709482327
2014-12-01,127682.23,Zacatecas,32,2014-03-01,118.58868942211,-0.10398921936178407,-0.015525453538775305,109149.91085452105
2014-12-01,127682.23,Zacatecas,32,2014-06-01,127.09712179291,0.07174741884965696,0.1308643431197138,123433.74224007326
2014-12-01,127682.23,Zacatecas,32,2014-09-01,136.51682492796,0.07411421283322439,0.02182516704742059,126127.70428375111
2014-12-01,127682.23,Zacatecas,32,2014-12-01,139.475485331788,0.02167249645154956,0.012325013961656282,127682.23
2014-12-01,127682.23,Zacatecas,32,2015-03-01,120.23234024997,-0.13796793777803973,-0.07271098401340768,118398.32941567374
2014-12-01,127682.23,Zacatecas,32,2015-06-01,134.86476678995,0.12170125366900741,0.08416691758687639,128363.55185002662
2014-12-01,127682.23,Zacatecas,32,2015-09-01,142.407351985845,0.05592702508908398,-7.270073127788029e-4,128270.23060913738
2014-12-01,127682.23,Zacatecas,32,2015-12-01,141.330963282186,-0.007558519196157798,0.013960745970936689,130060.97871430505
