CVEMET,CVEENT,zona_metro,trimestre,crec_fit,acteco
001,01,Aguascalientes,2012-09-01,0.005082464936930776,119131.23703959056
001,01,Aguascalientes,2012-12-01,0.019793139038284897,121489.21817811803
001,01,Aguascalientes,2013-03-01,-0.015273554360753255,119633.64600002914
001,01,Aguascalientes,2013-06-01,0.029531634323609644,123166.62308650214
001,01,Aguascalientes,2013-09-01,0.0046715569354031355,123742.00297879212
001,01,Aguascalientes,2013-12-01,0.04081383496675384,128792.38866682409
001,01,Aguascalientes,2014-03-01,0.013349484017396001,130511.70060089411
001,01,Aguascalientes,2014-06-01,0.04310323114514468,136137.17659904037
001,01,Aguascalientes,2014-09-01,0.00665975001073549,137043.81616235734
001,01,Aguascalientes,2014-12-01,0.0333046184913261,141608.00817624008
001,01,Aguascalientes,2015-03-01,-0.019390744921610612,138862.1234108373
001,01,Aguascalientes,2015-06-01,0.02290797796153072,142043.17387362407
001,01,Aguascalientes,2015-09-01,-0.003365442312894474,141565.13576601195
001,01,Aguascalientes,2015-12-01,0.017400434615750672,144028.4306547783
002,02,Tijuana,2012-09-01,-0.011893764711289547,133559.47966895258
002,02,Tijuana,2012-12-01,0.02830713114354713,137340.16537540554
002,02,Tijuana,2013-03-01,-0.039469422983471926,131919.4282955837
002,02,Tijuana,2013-06-01,0.04423052046891359,137754.2932690589
002,02,Tijuana,2013-09-01,-0.013544936921682916,135888.42005603845
002,02,Tijuana,2013-12-01,0.034665785944972896,140599.09893810164
002,02,Tijuana,2014-03-01,-0.0323597981408257,136049.3404776827
002,02,Tijuana,2014-06-01,0.04583519043873918,142285.1879075422
002,02,Tijuana,2014-09-01,-0.006935792850689517,141298.32731849403
002,02,Tijuana,2014-12-01,0.04544504145154157,147719.63566051645
002,02,Tijuana,2015-03-01,-0.03076532280885311,143174.9933842145
002,02,Tijuana,2015-06-01,0.045785447691591215,149730.3245545514
002,02,Tijuana,2015-09-01,0.0028949648003283234,150163.78857367855
002,02,Tijuana,2015-12-01,0.040474959462516016,156241.661828936
003,02,Mexicali,2012-09-01,-0.022917327058960532,176071.10102269793
003,02,Mexicali,2012-12-01,0.044856408401569285,183969.01823788602
003,02,Mexicali,2013-03-01,-0.0346848183596708,177588.08625649798
003,02,Mexicali,2013-06-01,0.021568110907797557,181418.3257967816
003,02,Mexicali,2013-09-01,-0.01963618155508945,177855.96261401568
003,02,Mexicali,2013-12-01,0.04014270598101607,184995.5822282007
003,02,Mexicali,2014-03-01,-0.02948747040843375,179540.53047155563
003,02,Mexicali,2014-06-01,0.03126094941700752,185153.1379129296
003,02,Mexicali,2014-09-01,-0.018547910485307236,181718.93408484687
003,02,Mexicali,2014-12-01,0.0441207791578825,189736.51504441022
003,02,Mexicali,2015-03-01,-0.03125737371462548,183805.84988635645
003,02,Mexicali,2015-06-01,0.029269007220575197,189185.66463386416
003,02,Mexicali,2015-09-01,-0.014158743598654579,186507.03331577225
003,02,Mexicali,2015-12-01,0.04867853193969347,195585.92189401152
055,02,Ensenada,2012-09-01,-0.0019931574084161925,42503.20559183949
055,02,Ensenada,2012-12-01,0.030997634406709128,43820.70441988852
055,02,Ensenada,2013-03-01,-0.04123923279840328,42013.57218892672
055,02,Ensenada,2013-06-01,0.026435861135818223,43124.23714913286
055,02,Ensenada,2013-09-01,-0.006566146600154995,42841.077085991805
055,02,Ensenada,2013-12-01,0.03451127622922479,44319.57733126398
055,02,Ensenada,2014-03-01,-0.039776416988097335,42556.7033425994
055,02,Ensenada,2014-06-01,0.025979031746335333,43662.28528975617
055,02,Ensenada,2014-09-01,-0.00461797368612916,43460.65400521181
055,02,Ensenada,2014-12-01,0.03933754171431718,45170.28929507333
055,02,Ensenada,2015-03-01,-0.03385479919426421,43641.05822144181
055,02,Ensenada,2015-06-01,0.034805700709070075,45160.01583252441
055,02,Ensenada,2015-09-01,8.644055089090639e-4,45199.05239899247
055,02,Ensenada,2015-12-01,0.02780738219157928,46455.91972374846
056,03,La Paz,2012-09-01,-0.004239873626333517,44582.852321269995
056,03,La Paz,2012-12-01,0.045567986329836545,46614.40312639076
056,03,La Paz,2013-03-01,-0.032900754157758005,45080.75410891874
056,03,La Paz,2013-06-01,0.004832405716430453,45298.60260277568
056,03,La Paz,2013-09-01,-0.009586731484807076,44864.337062985884
056,03,La Paz,2013-12-01,0.03218500749744097,46308.29608772581
056,03,La Paz,2014-03-01,-0.08306080971021033,42461.89151837914
056,03,La Paz,2014-06-01,0.005353037462066428,42689.19161438722
056,03,La Paz,2014-09-01,0.0010655320701012578,42734.678317099046
056,03,La Paz,2014-12-01,0.04818657238764213,44793.91598728855
056,03,La Paz,2015-03-01,-0.009399365851382579,44372.881583007926
056,03,La Paz,2015-06-01,-0.013925609029017749,43754.962182592055
056,03,La Paz,2015-09-01,-0.01305613635885623,43183.69142995953
056,03,La Paz,2015-12-01,0.07354947434302674,46359.82923482453
057,03,Los Cabos,2012-09-01,-0.023728267181300475,28847.690886613625
057,03,Los Cabos,2012-12-01,0.05491096759867232,30431.74550618498
057,03,Los Cabos,2013-03-01,0.0036582235768066332,30543.071635079083
057,03,Los Cabos,2013-06-01,0.017847115714543057,31088.177368827917
057,03,Los Cabos,2013-09-01,-0.011379453079259454,30734.41091313964
057,03,Los Cabos,2013-12-01,0.047533657343358605,32195.329870134807
057,03,Los Cabos,2014-03-01,0.02544461562349275,33014.52766355193
057,03,Los Cabos,2014-06-01,0.014914252464855978,33506.91466413412
057,03,Los Cabos,2014-09-01,-0.051757554569386494,31772.678699953423
057,03,Los Cabos,2014-12-01,0.09730659213666512,34864.3697872991
057,03,Los Cabos,2015-03-01,-0.00731594019271755,34609.304143078436
057,03,Los Cabos,2015-06-01,0.009793667998813317,34948.2561775257
057,03,Los Cabos,2015-09-01,-0.030175040036784295,33893.69114815307
057,03,Los Cabos,2015-12-01,0.09800485428057651,37215.43741015867
058,04,Campeche,2012-09-01,-9.353586714463838e-5,226741.83506642238
058,04,Campeche,2012-12-01,0.01020733154118903,229056.26415120292
058,04,Campeche,2013-03-01,-0.02674511614145813,222930.12776355052
058,04,Campeche,2013-06-01,-0.013794690739045927,219854.87559463637
058,04,Campeche,2013-09-01,-0.01151020205104345,217324.30155463505
058,04,Campeche,2013-12-01,0.006308913849524233,218695.38185055126
058,04,Campeche,2014-03-01,0.0855683647045999,237408.78804395098
058,04,Campeche,2014-06-01,0.0015690054749945524,237781.28373220377
058,04,Campeche,2014-09-01,0.0010216011326789562,238024.20136099443
058,04,Campeche,2014-12-01,0.014829947931643819,241554.08787364908
058,04,Campeche,2015-03-01,-0.09178986577265395,219381.870570891
058,04,Campeche,2015-06-01,-0.0035402219796715068,218605.21005075448
058,04,Campeche,2015-09-01,-0.0061034677493432546,217270.96020137132
058,04,Campeche,2015-12-01,0.009892278308185743,219420.26500797004
059,04,Cd. del Carmen,2012-09-01,0.03023859369422422,222001.57993833983
059,04,Cd. del Carmen,2012-12-01,0.028599117871455186,228350.62929064568
059,04,Cd. del Carmen,2013-03-01,-0.03947776066147902,219335.85780061147
059,04,Cd. del Carmen,2013-06-01,0.009658352820506052,221454.28090143812
059,04,Cd. del Carmen,2013-09-01,-0.003850919712282255,220601.4782457455
059,04,Cd. del Carmen,2013-12-01,-0.005383664203867095,219413.8339639937
059,04,Cd. del Carmen,2014-03-01,-0.14890726344287558,186741.5203869059
059,04,Cd. del Carmen,2014-06-01,0.00831463432117383,188294.20784150306
059,04,Cd. del Carmen,2014-09-01,0.021800994600031896,192399.20884987293
059,04,Cd. del Carmen,2014-12-01,0.018077774620057767,195877.35838453838
059,04,Cd. del Carmen,2015-03-01,0.016083657777614543,199027.78278317844
059,04,Cd. del Carmen,2015-06-01,-0.01881764593604303,195282.54843532888
059,04,Cd. del Carmen,2015-09-01,-0.034137893134699324,188616.01366577187
059,04,Cd. del Carmen,2015-12-01,-0.030923305730554324,182783.38300950683
004,05,La Laguna,2012-09-01,-0.0081205934390499,134420.23961053084
004,05,La Laguna,2012-12-01,0.026251327397314686,137948.94932937238
004,05,La Laguna,2013-03-01,-0.010010292207198318,136568.04003690937
004,05,La Laguna,2013-06-01,0.028809564999095323,140502.50586315175
004,05,La Laguna,2013-09-01,-0.016154089483303456,138232.81581081005
004,05,La Laguna,2013-12-01,0.026474672695039485,141892.48436511494
004,05,La Laguna,2014-03-01,0.01103490081555524,143458.25385655672
004,05,La Laguna,2014-06-01,0.012770286125501032,145290.2568053697
004,05,La Laguna,2014-09-01,-0.005062172841532846,144554.77241323018
004,05,La Laguna,2014-12-01,0.03550054424104841,149686.54550654074
004,05,La Laguna,2015-03-01,-0.02652269759106596,145716.45452661946
004,05,La Laguna,2015-06-01,0.01342144431956695,147672.1798074932
004,05,La Laguna,2015-09-01,0.001589490841209803,147906.9033847987
004,05,La Laguna,2015-12-01,0.012176356181515115,149707.87052211695
005,05,Saltillo,2012-09-01,0.016413919791704916,113873.5605237106
005,05,Saltillo,2012-12-01,0.03187300912832088,117503.05355775723
005,05,Saltillo,2013-03-01,-0.0306158711389383,113905.59521160119
005,05,Saltillo,2013-06-01,0.028236866653617163,117121.93231469207
005,05,Saltillo,2013-09-01,-0.002711846023914696,116804.31566823127
005,05,Saltillo,2013-12-01,0.037572076910231886,121192.89639996504
005,05,Saltillo,2014-03-01,-0.011009958072168882,119858.56769195673
005,05,Saltillo,2014-06-01,0.016960914712851126,121891.4786361845
005,05,Saltillo,2014-09-01,-0.03782749029457276,117280.62991108312
005,05,Saltillo,2014-12-01,-0.012347175257233368,115832.54541929222
005,05,Saltillo,2015-03-01,-0.05055236173999673,109976.93668199156
005,05,Saltillo,2015-06-01,0.026964113732300454,112942.36731061478
005,05,Saltillo,2015-09-01,0.009326230129555833,113995.6938195304
005,05,Saltillo,2015-12-01,0.030595480780340585,117483.44687882742
006,05,Monclova,2012-09-01,-0.01888920061739084,55064.52568417816
006,05,Monclova,2012-12-01,-0.0015105607840129832,54981.34737108935
006,05,Monclova,2013-03-01,-0.039607906774671416,52803.65129006942
006,05,Monclova,2013-06-01,0.015672406063251015,53631.2115547097
006,05,Monclova,2013-09-01,0.0035509430711178113,53821.65293377555
006,05,Monclova,2013-12-01,0.02294337178967216,55056.50312736986
006,05,Monclova,2014-03-01,0.0045878030037276,55309.091517792345
006,05,Monclova,2014-06-01,0.016474143478618405,56220.261427128484
006,05,Monclova,2014-09-01,-0.017495647524085983,55236.65154948749
006,05,Monclova,2014-12-01,0.01662549956565528,56154.988475831735
006,05,Monclova,2015-03-01,-0.014731103973273828,55327.76350197626
006,05,Monclova,2015-06-01,0.019378590135917393,56399.93755401804
006,05,Monclova,2015-09-01,0.0022200904346304307,56525.15051589545
006,05,Monclova,2015-12-01,0.013325756270146906,57278.390894803655
007,05,Piedras Negras,2012-09-01,-0.036088400992653036,34560.55257213563
007,05,Piedras Negras,2012-12-01,0.014932867928176101,35076.64073922012
007,05,Piedras Negras,2013-03-01,-0.021583522640271306,34319.563269680504
007,05,Piedras Negras,2013-06-01,0.1408593544041382,39153.79479527967
007,05,Piedras Negras,2013-09-01,-0.05671360734003918,36933.241851387706
007,05,Piedras Negras,2013-12-01,0.03364871914164749,38175.9981334356
007,05,Piedras Negras,2014-03-01,-0.10189145771945231,34286.19003372476
007,05,Piedras Negras,2014-06-01,0.016019562384954167,34835.4397939124
007,05,Piedras Negras,2014-09-01,-0.0031003906931006053,34727.43632058528
007,05,Piedras Negras,2014-12-01,0.04746565742661388,36375.796916282736
007,05,Piedras Negras,2015-03-01,0.035929058539161805,37682.74505309652
007,05,Piedras Negras,2015-06-01,0.08146453192512881,40752.55224050099
007,05,Piedras Negras,2015-09-01,0.013565533693915131,41305.38236103255
007,05,Piedras Negras,2015-12-01,0.007687774312729879,41622.92881852517
008,06,Colima,2012-09-01,0.005505830983096962,37937.97361896444
008,06,Colima,2012-12-01,0.022760074487677792,38801.44472444363
008,06,Colima,2013-03-01,-0.01748379055727283,38123.04839156185
008,06,Colima,2013-06-01,0.0037147760684891444,38264.66697938468
008,06,Colima,2013-09-01,-0.0046566187220862774,38086.48301473409
008,06,Colima,2013-12-01,0.03704689391802855,39497.46891069174
008,06,Colima,2014-03-01,-0.0012277928130417413,39448.97420222985
008,06,Colima,2014-06-01,0.003207811559706982,39575.51907769435
008,06,Colima,2014-09-01,0.00183421368136857,39648.10903623392
008,06,Colima,2014-12-01,0.03133529718145616,40890.494315567084
008,06,Colima,2015-03-01,-0.018917186275762363,40116.9612176915
008,06,Colima,2015-06-01,0.008208763149916176,40446.2718506219
008,06,Colima,2015-09-01,0.003205084295891259,40575.90556135768
008,06,Colima,2015-12-01,0.02788084073846586,41707.19592213292
009,06,Tecomán,2012-09-01,-0.011445568280239639,8320.502895538444
009,06,Tecomán,2012-12-01,0.02446662697585121,8524.077536135073
009,06,Tecomán,2013-03-01,-0.012622782293579243,8416.47996114285
009,06,Tecomán,2013-06-01,0.026421661949081368,8638.857349477383
009,06,Tecomán,2013-09-01,0.007974063144626103,8707.744143479535
009,06,Tecomán,2013-12-01,0.06014480892950976,9231.469751196168
009,06,Tecomán,2014-03-01,0.009381392216160678,9318.073789663766
009,06,Tecomán,2014-06-01,0.00934107866657033,9405.11464995392
009,06,Tecomán,2014-09-01,-0.011620282502265551,9295.82456075526
009,06,Tecomán,2014-12-01,0.0341385210597426,9613.170263290276
009,06,Tecomán,2015-03-01,-0.005838268865929716,9557.045990639228
009,06,Tecomán,2015-06-01,0.017991995793830082,9728.99632190425
009,06,Tecomán,2015-09-01,-6.132995254652346e-4,9723.029533076773
009,06,Tecomán,2015-12-01,0.029469496273610524,10009.562315669984
060,06,Manzanillo,2012-09-01,0.0014870511661902448,25893.459902885344
060,06,Manzanillo,2012-12-01,0.03238842260711993,26732.108224980504
060,06,Manzanillo,2013-03-01,-0.025486998683370277,26050.787017846716
060,06,Manzanillo,2013-06-01,0.0069713993484770646,26232.39745749025
060,06,Manzanillo,2013-09-01,-0.0023871702592803603,26169.776258450103
060,06,Manzanillo,2013-12-01,0.03655202569016527,27126.33459255485
060,06,Manzanillo,2014-03-01,-0.008514432374146218,26895.369251108077
060,06,Manzanillo,2014-06-01,0.018704698894347685,27398.439034602354
060,06,Manzanillo,2014-09-01,0.00847854585009524,27630.737956178276
060,06,Manzanillo,2014-12-01,0.04153565744159388,28778.39882278454
060,06,Manzanillo,2015-03-01,-0.02840444401442698,27960.964404597904
060,06,Manzanillo,2015-06-01,0.007495907327647768,28170.55720256643
060,06,Manzanillo,2015-09-01,0.0036479492333657388,28273.321965117015
060,06,Manzanillo,2015-12-01,0.04001821824792188,29404.769934110827
010,07,Tuxtla,2012-09-01,-0.0027261343628338197,78892.82105725327
010,07,Tuxtla,2012-12-01,0.029010989099700363,81181.57982898985
010,07,Tuxtla,2013-03-01,-0.036425268556953945,78224.51898184112
010,07,Tuxtla,2013-06-01,0.009278416876190458,78950.3186788941
010,07,Tuxtla,2013-09-01,-0.004069756213501275,78629.01012889277
010,07,Tuxtla,2013-12-01,0.0323527511603157,81172.87492757478
010,07,Tuxtla,2014-03-01,-0.0313775225058265,78625.87121767215
010,07,Tuxtla,2014-06-01,0.013736245440985426,79705.89548272941
010,07,Tuxtla,2014-09-01,-0.005705321932654467,79251.14768906993
010,07,Tuxtla,2014-12-01,0.04078676360325418,82483.54551515062
010,07,Tuxtla,2015-03-01,-0.025259760319724055,80400.03092511685
010,07,Tuxtla,2015-06-01,0.015827152536062282,81672.53447847281
010,07,Tuxtla,2015-09-01,-5.43610589228227e-4,81628.13642388121
010,07,Tuxtla,2015-12-01,0.05072927660785786,85769.07273551222
061,07,Tapachula,2012-09-01,5.051532528807393e-4,16829.74600773438
061,07,Tapachula,2012-12-01,0.03035639305978781,17340.636392641558
061,07,Tapachula,2013-03-01,-0.018859397957172175,17013.602430082112
061,07,Tapachula,2013-06-01,-0.006374978348755668,16905.141082955997
061,07,Tapachula,2013-09-01,-8.081498196623906e-4,16891.47919623844
061,07,Tapachula,2013-12-01,0.033074358181198214,17450.15402938509
061,07,Tapachula,2014-03-01,-0.01744656709815098,17145.708746238353
061,07,Tapachula,2014-06-01,-0.004993424721115216,17060.092940323844
061,07,Tapachula,2014-09-01,-0.00288241236051481,17010.918717561126
061,07,Tapachula,2014-12-01,0.032666148530460175,17566.599915028564
061,07,Tapachula,2015-03-01,-0.023258045854194217,17158.035128702544
061,07,Tapachula,2015-06-01,-0.009124553448843546,17001.475720093564
061,07,Tapachula,2015-09-01,-0.00578904480285729,16903.05341543525
061,07,Tapachula,2015-12-01,0.035530645317693225,17503.6298111251
011,08,Juárez,2012-09-01,-0.031411766505059696,161642.26287495028
011,08,Juárez,2012-12-01,0.07218442307017381,173310.31636433594
011,08,Juárez,2013-03-01,-0.06319113913662933,162358.64004914393
011,08,Juárez,2013-06-01,0.0461900589600444,169857.9952056865
011,08,Juárez,2013-09-01,-0.02336089757766297,165889.95997693928
011,08,Juárez,2013-12-01,0.08153332770604466,179415.5204468817
011,08,Juárez,2014-03-01,-0.05765679306972167,169070.9969109794
011,08,Juárez,2014-06-01,0.039596610859335885,175765.63538326346
011,08,Juárez,2014-09-01,-0.021682996772194013,171954.50967858557
011,08,Juárez,2014-12-01,0.09421527700250824,188155.25143978395
011,08,Juárez,2015-03-01,-0.042998835080499294,180064.7948135948
011,08,Juárez,2015-06-01,0.0643278447547817,191647.97498016534
011,08,Juárez,2015-09-01,-1.7891033035172905e-4,191613.6871776504
011,08,Juárez,2015-12-01,0.0853856862320173,207974.75334876118
012,08,Chihuahua,2012-09-01,-0.025884216586660472,93715.8221742255
012,08,Chihuahua,2012-12-01,0.07290795612671391,100548.45122568286
012,08,Chihuahua,2013-03-01,-0.06597138537843612,93915.13060066843
012,08,Chihuahua,2013-06-01,0.06252439361534058,99787.11719278074
012,08,Chihuahua,2013-09-01,-0.024603782492188104,97331.9766658471
012,08,Chihuahua,2013-12-01,0.07121139288496987,104263.12229646945
012,08,Chihuahua,2014-03-01,-0.04180110010473325,99904.80908412267
012,08,Chihuahua,2014-06-01,0.055004662980617125,105400.03943793775
012,08,Chihuahua,2014-09-01,-0.02729749627457136,102522.88225404096
012,08,Chihuahua,2014-12-01,0.1046457092418914,113251.46198103801
012,08,Chihuahua,2015-03-01,-0.03777384199919333,108973.51914998861
012,08,Chihuahua,2015-06-01,0.05683148040608215,115166.645568343
012,08,Chihuahua,2015-09-01,-0.02142083301826761,112699.68008434953
012,08,Chihuahua,2015-12-01,0.09288954074547298,123168.3016095465
013,09,ZMVM,2012-09-01,-0.006494623981147205,1998996.5326963104
013,09,ZMVM,2012-12-01,0.05868625310832108,2116310.1491767825
013,09,ZMVM,2013-03-01,-0.05468294434765208,2000584.079066977
013,09,ZMVM,2013-06-01,0.029085918354272565,2058772.9042515769
013,09,ZMVM,2013-09-01,-0.007016612503292301,2044327.292550166
013,09,ZMVM,2013-12-01,0.058205741916377444,2163318.8793329475
013,09,ZMVM,2014-03-01,-0.05966116188374827,2034252.7614668957
013,09,ZMVM,2014-06-01,0.029773750219444003,2094820.095070025
013,09,ZMVM,2014-09-01,0.001494721683109103,2097951.268088339
013,09,ZMVM,2014-12-01,0.07496420546267854,2255222.518
013,09,ZMVM,2015-03-01,-0.05961948698905261,2120767.3084306805
013,09,ZMVM,2015-06-01,0.01837494191008126,2159736.2845278936
013,09,ZMVM,2015-09-01,0.0018153899096970412,2163657.047986432
013,09,ZMVM,2015-12-01,0.07232019548272663,2320133.14865439
004,10,La Laguna,2012-09-01,0.012746908139605086,68799.52845707464
004,10,La Laguna,2012-12-01,0.03960343402828673,71524.22604350162
004,10,La Laguna,2013-03-01,-0.05067922666991331,67899.4335794529
004,10,La Laguna,2013-06-01,0.011977997728022629,68712.73284060159
004,10,La Laguna,2013-09-01,0.0015388955238588389,68818.47455760212
004,10,La Laguna,2013-12-01,0.028142040064360503,70755.16682577033
004,10,La Laguna,2014-03-01,-0.06590965178625152,66091.71841820567
004,10,La Laguna,2014-06-01,0.006512861640766226,66522.16463586391
004,10,La Laguna,2014-09-01,0.0085123285325219,67088.4231559389
004,10,La Laguna,2014-12-01,0.05345248630297175,70674.4661757697
004,10,La Laguna,2015-03-01,-0.05981148606159008,66447.32132718732
004,10,La Laguna,2015-06-01,-0.0019528189060563075,66317.56174184282
004,10,La Laguna,2015-09-01,0.013801646642595387,67232.85329520222
004,10,La Laguna,2015-12-01,0.08878307680944081,73201.99287342804
062,10,Durango,2012-09-01,-0.0052592695882954215,47081.01764185229
062,10,Durango,2012-12-01,0.04365625338859974,49136.39847781813
062,10,Durango,2013-03-01,-0.030564725184246265,47634.557961800005
062,10,Durango,2013-06-01,0.01401648332090221,48302.22694897012
062,10,Durango,2013-09-01,0.0027779208428576423,48436.406711968106
062,10,Durango,2013-12-01,0.04738986816245506,50731.801640311336
062,10,Durango,2014-03-01,-0.02261384926652207,49584.56032499823
062,10,Durango,2014-06-01,0.01967941770813409,50560.355599508046
062,10,Durango,2014-09-01,-0.0029561522994921994,50410.89148803942
062,10,Durango,2014-12-01,0.044333229316797486,52645.76910044286
062,10,Durango,2015-03-01,-0.018687241489327874,51661.9648998715
062,10,Durango,2015-06-01,0.019953854540428903,52692.820232756276
062,10,Durango,2015-09-01,-0.004489908332052665,52456.23430015386
062,10,Durango,2015-12-01,0.050326745772875985,55096.18586798014
014,11,León,2012-09-01,0.008862613288732684,169045.49910054755
014,11,León,2012-12-01,-0.002509503210504918,168621.2788778333
014,11,León,2013-03-01,-0.008807907059605559,167136.07832520554
014,11,León,2013-06-01,0.028065643786433232,171826.85996334217
014,11,León,2013-09-01,0.012165479578272017,173917.21611922482
014,11,León,2013-12-01,0.007128126064702044,175156.91996054465
014,11,León,2014-03-01,-0.002432979276282396,174730.76680418322
014,11,León,2014-06-01,0.028038075239637493,179629.8811905184
014,11,León,2014-09-01,0.010519593991481991,181519.51460938083
014,11,León,2014-12-01,0.020302133094722286,185204.74795426987
014,11,León,2015-03-01,0.006795898499757428,186463.38062304023
014,11,León,2015-06-01,0.031813850124482006,192395.4986678859
014,11,León,2015-09-01,0.0076148056774271505,193860.55300345356
014,11,León,2015-12-01,0.010877728056674854,195969.3153799417
015,11,San Francisco,2012-09-01,-0.11664454831241554,14351.285022893255
015,11,San Francisco,2012-12-01,0.37116166847377696,19677.931916733047
015,11,San Francisco,2013-03-01,-0.3523646187978415,12744.124938163526
015,11,San Francisco,2013-06-01,0.08318273763752929,13804.216139314678
015,11,San Francisco,2013-09-01,-0.07324307409556165,12793.152913791706
015,11,San Francisco,2013-12-01,0.4568092137005195,18637.183037091403
015,11,San Francisco,2014-03-01,-0.33987454562670855,12302.878920598163
015,11,San Francisco,2014-06-01,0.12800822314763857,13877.748590824473
015,11,San Francisco,2014-09-01,-0.06769344415456058,12938.315991600464
015,11,San Francisco,2014-12-01,0.44312022425997477,18671.54547534488
015,11,San Francisco,2015-03-01,-0.29573095839447133,13149.791437215183
015,11,San Francisco,2015-06-01,0.16564598652331153,15328.001612408487
015,11,San Francisco,2015-09-01,-0.05647196267312261,14462.399277498991
015,11,San Francisco,2015-12-01,0.3687289865844432,19795.105106670777
026,11,Pénjamo,2012-09-01,-0.05487050731794357,8983.21813462601
026,11,Pénjamo,2012-12-01,0.006121535298369332,9038.209221530073
026,11,Pénjamo,2013-03-01,-0.11547812814751608,7994.49373882216
026,11,Pénjamo,2013-06-01,0.1600890825065329,9274.324906574422
026,11,Pénjamo,2013-09-01,-0.052950633261086524,8783.243529702238
026,11,Pénjamo,2013-12-01,0.013423592322830042,8901.146210117096
026,11,Pénjamo,2014-03-01,-0.10051952951905752,8006.407180895784
026,11,Pénjamo,2014-06-01,0.16982833690011148,9366.121996972426
026,11,Pénjamo,2014-09-01,-0.0423400122717515,8969.560276681892
026,11,Pénjamo,2014-12-01,8.00454347216883e-4,8976.740000197984
026,11,Pénjamo,2015-03-01,-0.10105891528067477,8069.560393021332
026,11,Pénjamo,2015-06-01,0.17537346515192212,9484.747161398189
026,11,Pénjamo,2015-09-01,-0.02377256547848656,9259.27038845696
026,11,Pénjamo,2015-12-01,-0.015793986057696816,9113.029601037228
063,11,Celaya,2012-09-01,-0.004229295890593702,62645.521643905704
063,11,Celaya,2012-12-01,0.023568788150027373,64122.00067207888
063,11,Celaya,2013-03-01,0.003443070836474993,64342.77726256934
063,11,Celaya,2013-06-01,0.038418275113973895,66814.71578103986
063,11,Celaya,2013-09-01,0.017493029006020188,67983.5075422266
063,11,Celaya,2013-12-01,0.034919772198339735,70357.47613884525
063,11,Celaya,2014-03-01,-0.0021678067339432746,70204.95472828821
063,11,Celaya,2014-06-01,0.01785190384468576,71458.24682951815
063,11,Celaya,2014-09-01,0.007914740242645033,72023.82029136857
063,11,Celaya,2014-12-01,0.04145070935611972,75009.25873298351
063,11,Celaya,2015-03-01,-0.006117918648026756,74550.3581902063
063,11,Celaya,2015-06-01,3.258082733135091e-4,74574.64731368318
063,11,Celaya,2015-09-01,-0.0034715864526085856,74315.75497836093
063,11,Celaya,2015-12-01,0.03164601273117246,76667.55230653282
064,11,Guanajuato,2012-09-01,-0.006118698700699207,15479.41545019937
064,11,Guanajuato,2012-12-01,0.07019133709866028,16565.936318154523
064,11,Guanajuato,2013-03-01,-0.05272147544982516,15692.555713253576
064,11,Guanajuato,2013-06-01,0.04034011495285224,16325.59521463026
064,11,Guanajuato,2013-09-01,1.5239405381462428e-4,16328.083138265954
064,11,Guanajuato,2013-12-01,0.0900914490306576,17799.103808085383
064,11,Guanajuato,2014-03-01,-0.046391279607465113,16973.380606562197
064,11,Guanajuato,2014-06-01,0.01784102546878848,17276.203122255312
064,11,Guanajuato,2014-09-01,-0.009455720653507894,17112.844171578006
064,11,Guanajuato,2014-12-01,0.10817165215490511,18963.968798687038
064,11,Guanajuato,2015-03-01,-0.0454638225147981,18101.794287047363
064,11,Guanajuato,2015-06-01,0.01875984388494189,18441.3811219097
064,11,Guanajuato,2015-09-01,-0.02079680859397156,18057.859248508867
064,11,Guanajuato,2015-12-01,0.08541022610975994,19600.18508998223
065,11,Irapuato,2012-09-01,0.00662309353787533,48027.15118652326
065,11,Irapuato,2012-12-01,-0.011260714084977468,47486.33116869583
065,11,Irapuato,2013-03-01,-0.006765408769550349,47165.06672737337
065,11,Irapuato,2013-06-01,0.04111690022749791,49104.34807022606
065,11,Irapuato,2013-09-01,0.033266338523759195,50737.8699361187
065,11,Irapuato,2013-12-01,0.04098484977960747,52817.35391358779
065,11,Irapuato,2014-03-01,0.022155386187576256,53987.54278694922
065,11,Irapuato,2014-06-01,0.031428458794006166,55684.28805081849
065,11,Irapuato,2014-09-01,0.032466770113452975,57492.17702989571
065,11,Irapuato,2014-12-01,0.04732952507563394,60213.254464284946
065,11,Irapuato,2015-03-01,0.0148584825176918,61107.932053075856
065,11,Irapuato,2015-06-01,0.021774260597659276,62438.51209018358
065,11,Irapuato,2015-09-01,0.0010326514550094527,62502.989310542136
065,11,Irapuato,2015-12-01,-0.009002536176439271,61940.303888138384
066,11,Salamanca,2012-09-01,0.01583417826998926,34124.32803550897
066,11,Salamanca,2012-12-01,0.004265167215157165,34269.87400068529
066,11,Salamanca,2013-03-01,0.004312489069210562,34417.66245771648
066,11,Salamanca,2013-06-01,0.02062922823531075,35127.672271882584
066,11,Salamanca,2013-09-01,0.0184407230004779,35775.451945899935
066,11,Salamanca,2013-12-01,0.024506730097120965,36652.19129084062
066,11,Salamanca,2014-03-01,0.02445140959876466,37548.38903278525
066,11,Salamanca,2014-06-01,0.02882067002330496,38630.558763005836
066,11,Salamanca,2014-09-01,0.03249606429151518,39885.899884185616
066,11,Salamanca,2014-12-01,0.04430041379680708,41652.86175371306
066,11,Salamanca,2015-03-01,0.02429888149458006,42664.97970537667
066,11,Salamanca,2015-06-01,0.021317321548604655,43574.48279662087
066,11,Salamanca,2015-09-01,0.009777325156356247,44000.52468344349
066,11,Salamanca,2015-12-01,0.02001055879379042,44880.99976957916
078,11,Moroleón,2012-09-01,0.032072364435352656,7094.326049590824
078,11,Moroleón,2012-12-01,0.06279565747439135,7539.8189182125825
078,11,Moroleón,2013-03-01,-0.03126769564303256,7304.066155074333
078,11,Moroleón,2013-06-01,0.04831519046598551,7656.963502532909
078,11,Moroleón,2013-09-01,0.032639192114826944,7906.880605308298
078,11,Moroleón,2013-12-01,0.11748561230834446,8835.825314671916
078,11,Moroleón,2014-03-01,0.005230315029687939,8882.039464614943
078,11,Moroleón,2014-06-01,0.02735860705627557,9125.039692185675
078,11,Moroleón,2014-09-01,-0.01238635803496912,9012.01368347496
078,11,Moroleón,2014-12-01,-0.020048096352966033,8831.339964814404
078,11,Moroleón,2015-03-01,-0.02460357170189333,8614.057458766296
078,11,Moroleón,2015-06-01,0.04016588620490544,8960.048710417623
078,11,Moroleón,2015-09-01,0.11224201678470729,9965.74264816411
078,11,Moroleón,2015-12-01,0.16594160185721496,11619.473946897226
016,12,Acapulco,2012-09-01,-0.0025210134132214535,79226.41555698063
016,12,Acapulco,2012-12-01,-0.024398428316227894,77293.41553626195
016,12,Acapulco,2013-03-01,-0.031661609922910096,74846.18156394344
016,12,Acapulco,2013-06-01,0.0013313066676714546,74945.82478450924
016,12,Acapulco,2013-09-01,0.013819218570504816,75981.51751815314
016,12,Acapulco,2013-12-01,0.015085501383360032,77127.73680578302
016,12,Acapulco,2014-03-01,0.016068447622543343,78367.05980489207
016,12,Acapulco,2014-06-01,0.004524039002379019,78721.59543995117
016,12,Acapulco,2014-09-01,-0.0033166970758015776,78460.49975455306
016,12,Acapulco,2014-12-01,0.005876372636458588,78921.56288835357
016,12,Acapulco,2015-03-01,0.006585496772685093,79441.30058605009
016,12,Acapulco,2015-06-01,-0.004022228037858969,79121.76955946888
016,12,Acapulco,2015-09-01,-0.00861356735942166,78440.24886777176
016,12,Acapulco,2015-12-01,-0.0030400218628917667,78201.78879628306
077,12,Chilpancingo,2012-09-01,0.012335518251524326,21884.75369485933
077,12,Chilpancingo,2012-12-01,0.005073977678672833,21995.796446610293
077,12,Chilpancingo,2013-03-01,-0.007696604814666924,21826.50349377688
077,12,Chilpancingo,2013-06-01,-0.001952131071586526,21783.89529812259
077,12,Chilpancingo,2013-09-01,0.0202064609691798,22224.070728220802
077,12,Chilpancingo,2013-12-01,0.024608442892832413,22770.97050358249
077,12,Chilpancingo,2014-03-01,0.009536861194653913,22988.13408854272
077,12,Chilpancingo,2014-06-01,-0.0044360630981151025,22886.15727521801
077,12,Chilpancingo,2014-09-01,-0.0030192068842359032,22817.05923161897
077,12,Chilpancingo,2014-12-01,-0.004365823026618636,22717.44398902585
077,12,Chilpancingo,2015-03-01,-0.014665944472113052,22384.271216934456
077,12,Chilpancingo,2015-06-01,-0.01481133816918619,22052.73020626966
077,12,Chilpancingo,2015-09-01,-1.8209120544451427e-4,22048.714598043058
077,12,Chilpancingo,2015-12-01,0.002695944514488636,22108.15670921518
013,13,ZMVM,2012-09-01,-0.18102797421520755,13891.341534380532
013,13,ZMVM,2012-12-01,0.19593059738403026,16613.0803796773
013,13,ZMVM,2013-03-01,0.1770264887216216,19554.035666141637
013,13,ZMVM,2013-06-01,-0.009986278100279487,19358.763627996763
013,13,ZMVM,2013-09-01,-0.20973670913166,15298.520251803046
013,13,ZMVM,2013-12-01,0.13432969009028317,17353.56573606767
013,13,ZMVM,2014-03-01,0.1658242342049681,20231.20748497667
013,13,ZMVM,2014-06-01,-0.0035112839539886776,20160.169970764848
013,13,ZMVM,2014-09-01,-0.22985700148783406,15526.213751799769
013,13,ZMVM,2014-12-01,0.12804019500419497,17514.193188257024
013,13,ZMVM,2015-03-01,0.18442141727439482,20744.185518452934
013,13,ZMVM,2015-06-01,-0.12322674284287534,18187.947104085633
013,13,ZMVM,2015-09-01,-0.2890022614926532,12931.589259096132
013,13,ZMVM,2015-12-01,0.3900204227198137,17975.17316836781
017,13,Pachuca,2012-09-01,0.0016921917516850152,56285.02518022168
017,13,Pachuca,2012-12-01,0.0470330183611058,58932.27980297835
017,13,Pachuca,2013-03-01,-0.028305769787963734,57264.15625779538
017,13,Pachuca,2013-06-01,-0.003331411122238032,57073.38581073259
017,13,Pachuca,2013-09-01,-0.0010877457846928946,57011.30447589882
017,13,Pachuca,2013-12-01,0.039694968934539755,59274.366435987205
017,13,Pachuca,2014-03-01,-0.005719875889185335,58935.32441656328
017,13,Pachuca,2014-06-01,0.011458838368400004,59610.65477324189
017,13,Pachuca,2014-09-01,0.004379662045465266,59871.72929545759
017,13,Pachuca,2014-12-01,0.046822882247092364,62675.096226188594
017,13,Pachuca,2015-03-01,-0.02497330393986627,61109.89199867162
017,13,Pachuca,2015-06-01,-0.00765020745863428,60642.388647107044
017,13,Pachuca,2015-09-01,0.010283097484470198,61265.98024125637
017,13,Pachuca,2015-12-01,0.1530023440024364,70639.81882577555
018,13,Tulancingo,2012-09-01,-0.011837128555915255,17197.355406441297
018,13,Tulancingo,2012-12-01,0.047352585802501075,18011.69465390091
018,13,Tulancingo,2013-03-01,-0.021679808409832975,17621.20456466793
018,13,Tulancingo,2013-06-01,0.01297363743861746,17849.815683921643
018,13,Tulancingo,2013-09-01,-0.015478705211523223,17573.5236488702
018,13,Tulancingo,2013-12-01,0.003368871147879115,17632.726585657445
018,13,Tulancingo,2014-03-01,-0.027196406570716522,17153.179784483626
018,13,Tulancingo,2014-06-01,0.027961476705670264,17632.808021455636
018,13,Tulancingo,2014-09-01,-0.008634551433182425,17480.55663368295
018,13,Tulancingo,2014-12-01,0.029215347218295554,17991.257165305076
018,13,Tulancingo,2015-03-01,-0.0011165638175823335,17971.168778521478
018,13,Tulancingo,2015-06-01,0.01438350770576018,18229.657223128856
018,13,Tulancingo,2015-09-01,0.007744400448391689,18370.83498870168
018,13,Tulancingo,2015-12-01,0.051657627544883754,19319.828740236553
019,13,Tula,2012-09-01,0.06138794252726417,35804.06703129473
019,13,Tula,2012-12-01,0.029603540843039833,36863.9941920026
019,13,Tula,2013-03-01,-0.03548908238281608,35555.72486516296
019,13,Tula,2013-06-01,0.058804512499328374,37646.56193241913
019,13,Tula,2013-09-01,0.04037994246582835,39166.72793728646
019,13,Tula,2013-12-01,0.014179075886399176,39722.07594493119
019,13,Tula,2014-03-01,-0.03984920085957349,38139.182962042396
019,13,Tula,2014-06-01,0.05267174844390849,40148.04041287529
019,13,Tula,2014-09-01,0.001533049480591497,40209.58934537702
019,13,Tula,2014-12-01,-0.0843190803411924,36819.15375087782
019,13,Tula,2015-03-01,-0.17517888582636648,30369.21541972936
019,13,Tula,2015-06-01,0.014356926678150207,30805.224018783363
019,13,Tula,2015-09-01,0.02965928391103855,31718.884903899598
019,13,Tula,2015-12-01,0.09128943433467672,34614.483964503306
020,14,Guadalajara,2012-09-01,0.002543933829927475,538154.7135452598
020,14,Guadalajara,2012-12-01,0.01671905978577986,547152.1543750223
020,14,Guadalajara,2013-03-01,-0.03182565607827117,529738.6780873976
020,14,Guadalajara,2013-06-01,0.05507722987138397,558915.2170321803
020,14,Guadalajara,2013-09-01,0.004048068151974816,561177.7439219024
020,14,Guadalajara,2013-12-01,0.029901002750632802,577957.5211865051
020,14,Guadalajara,2014-03-01,-0.027921705916184668,561819.9612478883
020,14,Guadalajara,2014-06-01,0.03981694201376067,584189.9140670688
020,14,Guadalajara,2014-09-01,-0.0034192732171467203,582192.409140172
020,14,Guadalajara,2014-12-01,0.03850850314206687,604611.7673568338
020,14,Guadalajara,2015-03-01,-0.03037778859333589,586244.9989070247
020,14,Guadalajara,2015-06-01,0.032646276518338055,605383.7152488362
020,14,Guadalajara,2015-09-01,-0.001473139089509508,604491.9008337507
020,14,Guadalajara,2015-12-01,0.031023500529097477,623245.3556391017
021,14,Puerto Vallarta,2012-09-01,0.04844206420866179,24882.0577627222
021,14,Puerto Vallarta,2012-12-01,0.12950083505568982,28104.30502089864
021,14,Puerto Vallarta,2013-03-01,-0.13145402091203207,24409.881120963302
021,14,Puerto Vallarta,2013-06-01,0.004888384263780422,24529.205999715767
021,14,Puerto Vallarta,2013-09-01,0.06885947513260202,26218.274250275666
021,14,Puerto Vallarta,2013-12-01,0.14464385295828788,30010.5864557526
021,14,Puerto Vallarta,2014-03-01,-0.10403013507199264,26888.581093170946
021,14,Puerto Vallarta,2014-06-01,-0.004416109676405485,26769.83817002058
021,14,Puerto Vallarta,2014-09-01,0.059606895784035024,28365.505123976483
021,14,Puerto Vallarta,2014-12-01,0.1202753511899004,31777.17621444167
021,14,Puerto Vallarta,2015-03-01,-0.112339311071498,28207.3501307137
021,14,Puerto Vallarta,2015-06-01,-0.036612752036394254,27174.60141477413
021,14,Puerto Vallarta,2015-09-01,0.05051974890486366,28547.45545483827
021,14,Puerto Vallarta,2015-12-01,0.11670249124479135,31879.014625117605
022,14,Ocotlán,2012-09-01,0.05727855534481293,7866.637650423997
022,14,Ocotlán,2012-12-01,0.18310955432318574,9307.094164615128
022,14,Ocotlán,2013-03-01,-0.14403648079127265,7966.533074750975
022,14,Ocotlán,2013-06-01,0.06439705194685585,8479.55431900206
022,14,Ocotlán,2013-09-01,0.10257606722495113,9349.35365286564
022,14,Ocotlán,2013-12-01,0.19633543878304266,11184.963104638857
022,14,Ocotlán,2014-03-01,-0.15960389648018253,9399.799411151416
022,14,Ocotlán,2014-06-01,0.006452057827179086,9460.447460516052
022,14,Ocotlán,2014-09-01,0.03661189038621634,9806.812325945022
022,14,Ocotlán,2014-12-01,0.11528382006731061,10937.37911356315
022,14,Ocotlán,2015-03-01,-0.20869940884907123,8654.754558204344
022,14,Ocotlán,2015-06-01,-0.0215603194913462,8468.155284810273
022,14,Ocotlán,2015-09-01,0.03289086575131991,8746.680243444296
022,14,Ocotlán,2015-12-01,0.09731491779041593,9597.862712274135
013,15,ZMVM,2012-09-01,-0.01796539960225721,881366.7253810747
013,15,ZMVM,2012-12-01,0.019870261727352085,898879.7128921759
013,15,ZMVM,2013-03-01,-0.022074237992192335,879037.6281834405
013,15,ZMVM,2013-06-01,0.021309501677888226,897769.4819961425
013,15,ZMVM,2013-09-01,-0.014223483607663333,885000.0724855098
013,15,ZMVM,2013-12-01,0.02381730621868671,906078.3902154571
013,15,ZMVM,2014-03-01,-0.017104255119192325,890580.5942712248
013,15,ZMVM,2014-06-01,0.019422516294822965,907877.9103753107
013,15,ZMVM,2014-09-01,-0.01637376625055717,893012.5296867811
013,15,ZMVM,2014-12-01,0.029704574473346033,919539.0868804932
013,15,ZMVM,2015-03-01,-0.004204447529611376,915672.9330382774
013,15,ZMVM,2015-06-01,0.025198951423428383,938746.9307976569
013,15,ZMVM,2015-09-01,-0.010651199032798264,928748.1503963028
013,15,ZMVM,2015-12-01,0.026130098247564626,953016.430813402
023,15,Toluca,2012-09-01,0.02995315342549166,147070.13129791548
023,15,Toluca,2012-12-01,0.07609920990279588,158262.05208998726
023,15,Toluca,2013-03-01,-0.1071975687544913,141296.74487984402
023,15,Toluca,2013-06-01,0.04164639997451763,147181.24563220737
023,15,Toluca,2013-09-01,0.022298080961305273,150463.1049633001
023,15,Toluca,2013-12-01,0.0711016618461261,161161.28177271882
023,15,Toluca,2014-03-01,-0.09351520368398306,146090.25168177125
023,15,Toluca,2014-06-01,0.044479384132323496,152588.25610431255
023,15,Toluca,2014-09-01,0.02477033076245344,156367.9176784823
023,15,Toluca,2014-12-01,0.07977357551069841,168841.9455668574
023,15,Toluca,2015-03-01,-0.08718846904702289,154120.87482196232
023,15,Toluca,2015-06-01,0.04863831912046683,161617.0551146785
023,15,Toluca,2015-09-01,0.027004093382013594,165981.37716312127
023,15,Toluca,2015-12-01,0.08320097754572771,179791.1899974791
024,16,Morelia,2012-09-01,-9.480865103619269e-4,83889.24106893681
024,16,Morelia,2012-12-01,-0.05548296877289341,79234.81692632726
024,16,Morelia,2013-03-01,-0.006558023680521399,78715.19312060263
024,16,Morelia,2013-06-01,0.042485735602077405,82059.46600339102
024,16,Morelia,2013-09-01,6.661658603717105e-4,82114.1312181628
024,16,Morelia,2013-12-01,-0.027675194825506202,79841.60663877297
024,16,Morelia,2014-03-01,0.030204255359403413,82253.16291399552
024,16,Morelia,2014-06-01,0.04395375050906518,85868.49791529878
024,16,Morelia,2014-09-01,0.0060593377882366154,86388.80414953605
024,16,Morelia,2014-12-01,-0.009125328957793112,85600.47789340117
024,16,Morelia,2015-03-01,-0.003937740993466928,85263.40538253998
024,16,Morelia,2015-06-01,0.0357845319869601,88314.5164397686
024,16,Morelia,2015-09-01,0.012287126882819136,89399.64810885886
024,16,Morelia,2015-12-01,-0.016074952303793966,87962.553029533
025,16,Zamora,2012-09-01,-0.006812022995741175,15180.236320214915
025,16,Zamora,2012-12-01,-0.005801353296775844,15092.170406192798
025,16,Zamora,2013-03-01,0.006091174103567782,15184.099443737634
025,16,Zamora,2013-06-01,0.03284069608695038,15682.755838923455
025,16,Zamora,2013-09-01,0.028465745130167454,16129.177169572893
025,16,Zamora,2013-12-01,0.028721273573749848,16592.42767957968
025,16,Zamora,2014-03-01,0.04493491612141215,17338.007025612183
025,16,Zamora,2014-06-01,0.031012417332115245,17875.70053519762
025,16,Zamora,2014-09-01,-0.014899134982198116,17609.36806002236
025,16,Zamora,2014-12-01,0.015443080704728107,17881.310952132546
025,16,Zamora,2015-03-01,-0.01123525533532245,17680.409857855037
025,16,Zamora,2015-06-01,-0.029789465746621797,17153.719894008234
025,16,Zamora,2015-09-01,-0.018283179745298073,16840.095349885585
025,16,Zamora,2015-12-01,0.0023923670663929327,16880.38303939557
026,16,Pénjamo,2012-09-01,0.013165327439046408,12220.222163023516
026,16,Pénjamo,2012-12-01,0.01010135179759284,12343.662926136958
026,16,Pénjamo,2013-03-01,-0.06786231212353257,11505.993419895773
026,16,Pénjamo,2013-06-01,-0.021635374276135516,11257.056945837576
026,16,Pénjamo,2013-09-01,0.01979118474727485,11479.847439563242
026,16,Pénjamo,2013-12-01,0.051035099294011385,12065.722593521454
026,16,Pénjamo,2014-03-01,-0.019191545966812534,11834.16272374508
026,16,Pénjamo,2014-06-01,0.0031482742315526386,11871.419913300248
026,16,Pénjamo,2014-09-01,0.004880598963979857,11929.359553030072
026,16,Pénjamo,2014-12-01,0.021975535815446774,12191.513621143027
026,16,Pénjamo,2015-03-01,-0.03524975717737829,11761.765726373033
026,16,Pénjamo,2015-06-01,-0.026529795705108286,11449.728484521012
026,16,Pénjamo,2015-09-01,0.0024989547466785925,11478.340837865586
026,16,Pénjamo,2015-12-01,0.032784691646442196,11854.654702847774
067,16,Uruapan,2012-09-01,-0.005979960284424452,24620.96963390854
067,16,Uruapan,2012-12-01,0.06867963245077387,26311.92877894704
067,16,Uruapan,2013-03-01,-0.05459220112903539,24875.502670953912
067,16,Uruapan,2013-06-01,-0.0017547339311806249,24831.852782362013
067,16,Uruapan,2013-09-01,-0.027525478759141967,24148.344146050964
067,16,Uruapan,2013-12-01,0.08084027000924593,26100.502807093915
067,16,Uruapan,2014-03-01,-0.021224325799657252,25546.537231981285
067,16,Uruapan,2014-06-01,0.016924824353556845,25978.90788747417
067,16,Uruapan,2014-09-01,-0.022024453939776707,25406.736627300794
067,16,Uruapan,2014-12-01,0.04288320944562139,26496.259035419072
067,16,Uruapan,2015-03-01,-0.10139690961667555,23809.62025282466
067,16,Uruapan,2015-06-01,-0.011896040874131068,23526.38003709952
067,16,Uruapan,2015-09-01,-0.02594364771036737,22916.01992151679
067,16,Uruapan,2015-12-01,0.06131007592323056,24321.00284276325
027,17,Cuernavaca,2012-09-01,8.836429622438107e-4,76834.3970714856
027,17,Cuernavaca,2012-12-01,0.03760286452677782,79723.59049556134
027,17,Cuernavaca,2013-03-01,-0.036914191134438806,76780.65863808447
027,17,Cuernavaca,2013-06-01,0.022673492637066067,78521.54433638413
027,17,Cuernavaca,2013-09-01,-0.0027823055813684682,78303.07340531934
027,17,Cuernavaca,2013-12-01,0.038748587128712375,81337.20686761131
027,17,Cuernavaca,2014-03-01,-0.038088463184477464,78239.19765830606
027,17,Cuernavaca,2014-06-01,0.010237953056373744,79040.20689110016
027,17,Cuernavaca,2014-09-01,-0.018893758968207323,77546.84027330247
027,17,Cuernavaca,2014-12-01,0.045820263041800424,81100.05689268565
027,17,Cuernavaca,2015-03-01,-0.03716477305621727,78085.99168342269
027,17,Cuernavaca,2015-06-01,9.705555728670837e-4,78161.7784778139
027,17,Cuernavaca,2015-09-01,-0.008376153059293326,77507.08345789716
027,17,Cuernavaca,2015-12-01,0.0512441390237703,81478.8672179406
028,17,Cuautla,2012-09-01,0.010916395838182005,41379.76924667486
028,17,Cuautla,2012-12-01,0.03900628727481111,42993.84041327606
028,17,Cuautla,2013-03-01,0.001192254512647648,43045.10001352485
028,17,Cuautla,2013-06-01,0.020150698762410418,43912.48885709521
028,17,Cuautla,2013-09-01,0.0015747322660487554,43981.63927018099
028,17,Cuautla,2013-12-01,0.031440983830560536,45364.46527931629
028,17,Cuautla,2014-03-01,-0.012572613330941987,44794.115398394504
028,17,Cuautla,2014-06-01,0.010348935927104607,45257.68682856381
028,17,Cuautla,2014-09-01,-0.013592399062120224,44642.526288561516
028,17,Cuautla,2014-12-01,0.005162180979728116,44872.979088655346
028,17,Cuautla,2015-03-01,-0.023855325605848694,43802.519561591034
028,17,Cuautla,2015-06-01,0.014182815566541272,44423.762617882894
028,17,Cuautla,2015-09-01,-0.0012627204525335737,44367.6678242468
028,17,Cuautla,2015-12-01,0.018163584392254038,45173.54370306
021,18,Puerto Vallarta,2012-09-01,-0.028468844836149206,12937.51595800481
021,18,Puerto Vallarta,2012-12-01,-0.0010096115022411828,12924.454093083179
021,18,Puerto Vallarta,2013-03-01,0.0054831141060821525,12995.320349634372
021,18,Puerto Vallarta,2013-06-01,0.04995017272323631,13644.438845692397
021,18,Puerto Vallarta,2013-09-01,0.012075116985304984,13809.197040952975
021,18,Puerto Vallarta,2013-12-01,0.0017881144969590472,13833.889466373266
021,18,Puerto Vallarta,2014-03-01,-0.0034544689812639165,13786.100724321448
021,18,Puerto Vallarta,2014-06-01,0.020946057442717693,14074.865182004174
021,18,Puerto Vallarta,2014-09-01,0.003679989028357026,14126.660531449555
021,18,Puerto Vallarta,2014-12-01,0.0356636648530977,14630.469018136653
021,18,Puerto Vallarta,2015-03-01,0.0385373416385791,15194.288401021233
021,18,Puerto Vallarta,2015-06-01,0.03849433888717633,15779.182487879636
021,18,Puerto Vallarta,2015-09-01,0.005384387986843851,15864.14372850959
021,18,Puerto Vallarta,2015-12-01,0.009507328282916689,16014.969350863908
029,18,Tepic,2012-09-01,0.010447788106142004,41800.684387039386
029,18,Tepic,2012-12-01,0.01046867056409806,42238.28198124114
029,18,Tepic,2013-03-01,-8.707814961633814e-4,42201.50166686214
029,18,Tepic,2013-06-01,0.007324848986653088,42510.62129358189
029,18,Tepic,2013-09-01,0.012679244659195904,43049.62386157764
029,18,Tepic,2013-12-01,0.018561033047675427,43848.66935276239
029,18,Tepic,2014-03-01,0.019826477741699038,44718.03401968805
029,18,Tepic,2014-06-01,0.009063439464979096,45123.33321401836
029,18,Tepic,2014-09-01,0.0034402127334468794,45278.567079516804
029,18,Tepic,2014-12-01,0.007164205729303676,45602.95204920254
029,18,Tepic,2015-03-01,6.424984757955743e-5,45605.88203192088
029,18,Tepic,2015-06-01,0.005443028430064841,45854.11614439881
029,18,Tepic,2015-09-01,0.010837663535866753,46351.067626906355
029,18,Tepic,2015-12-01,0.0038324789893599874,46528.70711972088
030,19,Monterrey,2012-09-01,-9.177118241636701e-4,800934.199086575
030,19,Monterrey,2012-12-01,0.018058527346847063,815397.8912238047
030,19,Monterrey,2013-03-01,0.003994862363954609,818655.2935711027
030,19,Monterrey,2013-06-01,0.013707742032302118,829877.2091487539
030,19,Monterrey,2013-09-01,0.001395630624817656,831035.4111966803
030,19,Monterrey,2013-12-01,0.019223076352731523,847010.4683579375
030,19,Monterrey,2014-03-01,0.008334947752436228,854070.2563574675
030,19,Monterrey,2014-06-01,0.014428796209300659,866393.4620348745
030,19,Monterrey,2014-09-01,-0.002563207883223902,864172.715483013
030,19,Monterrey,2014-12-01,0.01648542012479954,878418.9657581393
030,19,Monterrey,2015-03-01,0.006629837423734082,884242.7406910404
030,19,Monterrey,2015-06-01,0.015487211626834425,897937.1951456147
030,19,Monterrey,2015-09-01,2.7508060616083315e-4,898184.2002535497
030,19,Monterrey,2015-12-01,0.014110094792759252,910857.664460486
031,20,Oaxaca,2012-09-01,-0.0031487557573293685,61589.2603134431
031,20,Oaxaca,2012-12-01,0.06369924479501755,65512.449682893166
031,20,Oaxaca,2013-03-01,-0.029469081703787633,63581.85795057271
031,20,Oaxaca,2013-06-01,-0.013201618792587078,62742.474499784825
031,20,Oaxaca,2013-09-01,0.012635948349580954,63535.285166889
031,20,Oaxaca,2013-12-01,0.04246829549352686,66233.52043162195
031,20,Oaxaca,2014-03-01,-0.027941510595765242,64382.85581868696
031,20,Oaxaca,2014-06-01,-0.016418138982958574,63325.80914373597
031,20,Oaxaca,2014-09-01,-9.557331628029201e-4,63265.28656787598
031,20,Oaxaca,2014-12-01,0.029550416815260078,65134.80215589359
031,20,Oaxaca,2015-03-01,0.008984773859521615,65720.02362364899
031,20,Oaxaca,2015-06-01,-0.006550466194756154,65289.52683058368
031,20,Oaxaca,2015-09-01,0.015053603960896118,66272.3695102856
031,20,Oaxaca,2015-12-01,8.521536574907043e-4,66328.84375235437
032,20,Tehuantepec,2012-09-01,-0.04568644992442427,24809.27568895192
032,20,Tehuantepec,2012-12-01,0.09960830307234501,27280.4855407824
032,20,Tehuantepec,2013-03-01,-0.038878198339599414,26219.869413127293
032,20,Tehuantepec,2013-06-01,0.029337340979924673,26989.0906625493
032,20,Tehuantepec,2013-09-01,-0.013406947168871464,26627.249349900627
032,20,Tehuantepec,2013-12-01,0.10040960140291809,29300.88084358025
032,20,Tehuantepec,2014-03-01,-0.06375672462662033,27432.752652318693
032,20,Tehuantepec,2014-06-01,0.007217278256530609,27630.742461553054
032,20,Tehuantepec,2014-09-01,-0.03648985477460763,26622.5006818164
032,20,Tehuantepec,2014-12-01,0.09959016500738849,29273.8399176278
032,20,Tehuantepec,2015-03-01,-0.06959711411820181,27236.46514020269
032,20,Tehuantepec,2015-06-01,-0.006490433362247719,27059.68867818702
032,20,Tehuantepec,2015-09-01,-0.022953395849127665,26438.576932402437
032,20,Tehuantepec,2015-12-01,0.1317866429396633,29922.82823042577
033,21,Puebla,2012-09-01,0.004269454971214338,250157.5154036932
033,21,Puebla,2012-12-01,0.024541742269620286,256296.81667353917
033,21,Puebla,2013-03-01,-0.007114766053537447,254473.32478264056
033,21,Puebla,2013-06-01,0.008896309670245295,256737.19828272387
033,21,Puebla,2013-09-01,-7.485017741502105e-4,256545.03003431892
033,21,Puebla,2013-12-01,0.016122681655452185,260681.22388385065
033,21,Puebla,2014-03-01,-0.009090202191191185,258311.57885129933
033,21,Puebla,2014-06-01,0.0092043946326286,260689.18056122397
033,21,Puebla,2014-09-01,-0.008444188499905334,258487.87198067916
033,21,Puebla,2014-12-01,0.022285940470510118,264248.51730798936
033,21,Puebla,2015-03-01,-0.01678191527316011,259813.9210794685
033,21,Puebla,2015-06-01,-0.013057922238726023,256421.29110147431
033,21,Puebla,2015-09-01,9.477098321483146e-4,256664.30408022337
033,21,Puebla,2015-12-01,0.0807500753746735,277389.96598068957
034,21,Tehuacán,2012-09-01,-0.018570066366973205,22636.74084841398
034,21,Tehuacán,2012-12-01,0.010006535748581253,22863.256204945003
034,21,Tehuacán,2013-03-01,0.0026842899464622817,22924.62781371933
034,21,Tehuacán,2013-06-01,0.017979873220668935,23336.80971544102
034,21,Tehuacán,2013-09-01,-0.01599622640271384,22963.50882371578
034,21,Tehuacán,2013-12-01,6.677403071281315e-4,22978.842484150467
034,21,Tehuacán,2014-03-01,0.0010186072639360856,23002.248900021666
034,21,Tehuacán,2014-06-01,0.015393182880650216,23356.326724005932
034,21,Tehuacán,2014-09-01,-0.027007150615006806,22725.538890357395
034,21,Tehuacán,2014-12-01,-0.004100340455305395,22632.356443876648
034,21,Tehuacán,2015-03-01,0.017845449425226673,23036.24101616955
034,21,Tehuacán,2015-06-01,0.00882213862312525,23239.469927769926
034,21,Tehuacán,2015-09-01,-0.0015623512735044654,23203.161712332705
034,21,Tehuacán,2015-12-01,0.021977111982047246,23713.10019562219
035,22,Querétaro,2012-09-01,0.02359180978894299,192022.3117325468
035,22,Querétaro,2012-12-01,0.022479314350422247,196338.8416402775
035,22,Querétaro,2013-03-01,-0.012681452195563011,193848.98000588414
035,22,Querétaro,2013-06-01,0.014532200355049714,196666.03222195164
035,22,Querétaro,2013-09-01,0.01385312914904708,199390.472165553
035,22,Querétaro,2013-12-01,0.01418152715717531,202218.13356145078
035,22,Querétaro,2014-03-01,-0.009147526524484365,200368.33782096568
035,22,Querétaro,2014-06-01,0.025905061638799985,205558.8919626817
035,22,Querétaro,2014-09-01,0.023642565300168502,210418.83148893967
035,22,Querétaro,2014-12-01,0.036423515360320555,218083.02502977775
035,22,Querétaro,2015-03-01,0.005041471571927027,219182.48440078524
035,22,Querétaro,2015-06-01,0.024246239963082998,224496.83551327136
035,22,Querétaro,2015-09-01,0.018198543135173047,228582.35085806946
035,22,Querétaro,2015-12-01,0.02766686907823345,234906.50883285448
068,22,San Juan del Río,2012-09-01,-0.011687799266155848,32260.54173685211
068,22,San Juan del Río,2012-12-01,0.022160884853146854,32975.46388758263
068,22,San Juan del Río,2013-03-01,-0.0044326053562194845,32829.29666973071
068,22,San Juan del Río,2013-06-01,0.024160275805925745,33622.461531785964
068,22,San Juan del Río,2013-09-01,0.013207560607489963,34066.53223024003
068,22,San Juan del Río,2013-12-01,0.05278203326152125,35864.63306752124
068,22,San Juan del Río,2014-03-01,-6.348018338393296e-4,35841.86613268001
068,22,San Juan del Río,2014-06-01,0.004281966668753762,35995.33980880607
068,22,San Juan del Río,2014-09-01,0.003639216614265632,36126.33464747441
068,22,San Juan del Río,2014-12-01,0.04302916951326364,37680.82082491348
068,22,San Juan del Río,2015-03-01,0.014076613721585465,38211.239184378064
068,22,San Juan del Río,2015-06-01,0.021116926053480457,39018.14309664643
068,22,San Juan del Río,2015-09-01,0.016572474860920762,39664.770292235415
068,22,San Juan del Río,2015-12-01,0.048954169111386406,41606.52616488581
036,23,Cancún,2012-09-01,0.007703137280198121,113665.42180008863
036,23,Cancún,2012-12-01,0.02020517830439581,115962.05191460377
036,23,Cancún,2013-03-01,0.013307978784172638,117505.27244125243
036,23,Cancún,2013-06-01,0.006925202698335211,118319.0202710312
036,23,Cancún,2013-09-01,0.012342297965006499,119779.34887414392
036,23,Cancún,2013-12-01,-6.124341647225761e-5,119772.01317759605
036,23,Cancún,2014-03-01,-0.004146628779223994,119275.36310080824
036,23,Cancún,2014-06-01,0.016514196570465045,121245.09989306859
036,23,Cancún,2014-09-01,0.016796739865211074,123281.62229590399
036,23,Cancún,2014-12-01,0.015715649281360395,125219.07303474356
036,23,Cancún,2015-03-01,0.020063985108333897,127731.46665139205
036,23,Cancún,2015-06-01,0.01304709232624952,129397.99088976003
036,23,Cancún,2015-09-01,0.014650001370951085,131293.67163369333
036,23,Cancún,2015-12-01,0.02122705302781818,134080.6493636787
076,23,Chetumal,2012-09-01,0.020527793548669376,22827.126747159455
076,23,Chetumal,2012-12-01,0.012818844746238995,23119.74414093401
076,23,Chetumal,2013-03-01,-0.03665811841305224,22272.21782253618
076,23,Chetumal,2013-06-01,-0.005554899534166943,22148.49789012891
076,23,Chetumal,2013-09-01,0.010477737488568417,22380.564036787793
076,23,Chetumal,2013-12-01,0.01287562464544506,22668.72777867882
076,23,Chetumal,2014-03-01,-0.04289346975116808,21696.387389406595
076,23,Chetumal,2014-06-01,-0.011286201580644552,21451.517587758
076,23,Chetumal,2014-09-01,0.0042757230722752435,21543.238336443294
076,23,Chetumal,2014-12-01,0.03724254152577339,22345.563284787917
076,23,Chetumal,2015-03-01,-0.009278317119628524,22138.234062414926
076,23,Chetumal,2015-06-01,6.446094954646378e-4,22152.504578304375
076,23,Chetumal,2015-09-01,0.0037149307711283512,22234.79959921988
076,23,Chetumal,2015-12-01,0.007625841631266553,22404.35865966648
037,24,San Luis,2012-09-01,0.001092181001106964,159068.17765666402
037,24,San Luis,2012-12-01,0.02697662090464184,163359.29958330008
037,24,San Luis,2013-03-01,-0.011125183841218196,161541.8973432632
037,24,San Luis,2013-06-01,0.017397094972931872,164352.2570734516
037,24,San Luis,2013-09-01,-0.0030647475432901677,163848.55889735153
037,24,San Luis,2013-12-01,0.01749274737828416,166714.72034643881
037,24,San Luis,2014-03-01,-0.011718844129362173,164761.0165246287
037,24,San Luis,2014-06-01,0.021055794513809484,168230.19063245764
037,24,San Luis,2014-09-01,-0.007057363434866742,167042.9290364475
037,24,San Luis,2014-12-01,0.0209917572677262,170549.4536560706
037,24,San Luis,2015-03-01,-0.013076413378304433,168319.27849861985
037,24,San Luis,2015-06-01,0.009791341857452639,169967.35009559963
037,24,San Luis,2015-09-01,0.005355863891188737,170877.6720886577
037,24,San Luis,2015-12-01,0.05436155829796319,180166.84862172554
038,24,Cd. Fernández,2012-09-01,-0.002521047593597962,8197.676366414596
038,24,Cd. Fernández,2012-12-01,0.0010091528774510072,8205.949075108176
038,24,Cd. Fernández,2013-03-01,0.007563088772288294,8268.011396424097
038,24,Cd. Fernández,2013-06-01,0.018237146002567615,8418.796327411577
038,24,Cd. Fernández,2013-09-01,-0.0378501639209165,8100.143506402238
038,24,Cd. Fernández,2013-12-01,-0.0354407286475126,7813.068518385925
038,24,Cd. Fernández,2014-03-01,0.025623768391063603,8013.268776524556
038,24,Cd. Fernández,2014-06-01,0.013425035617871476,8120.847195264976
038,24,Cd. Fernández,2014-09-01,-0.0549589500783576,7674.533959666439
038,24,Cd. Fernández,2014-12-01,0.0015967116405361597,7686.7879773755285
038,24,Cd. Fernández,2015-03-01,0.009300453973728888,7758.278595164923
038,24,Cd. Fernández,2015-06-01,0.006241687491168925,7806.703345625366
038,24,Cd. Fernández,2015-09-01,-0.010123913691070584,7727.668954742462
038,24,Cd. Fernández,2015-12-01,0.053644191337370396,8142.213506742524
069,25,Los Mochis,2012-09-01,-0.17501620173136356,39290.81638830577
069,25,Los Mochis,2012-12-01,0.3740214632518054,53986.42502621792
069,25,Los Mochis,2013-03-01,-0.07391683478790571,49995.9193667653
069,25,Los Mochis,2013-06-01,-0.1459322838302824,42699.90067137861
069,25,Los Mochis,2013-09-01,-0.19604608689631345,34328.75223389356
069,25,Los Mochis,2013-12-01,0.31885687186421247,45274.71078619445
069,25,Los Mochis,2014-03-01,-0.1374504662776743,39051.68067804518
069,25,Los Mochis,2014-06-01,-0.1385884024024039,33639.570641746075
069,25,Los Mochis,2014-09-01,-0.14794031071596495,28662.922108654504
069,25,Los Mochis,2014-12-01,0.3954779157474087,39998.47480341551
069,25,Los Mochis,2015-03-01,-0.11027887927951587,35587.487829204896
069,25,Los Mochis,2015-06-01,-0.11095537169493182,31638.8648894266
069,25,Los Mochis,2015-09-01,-0.11335116835355408,28052.562588829856
069,25,Los Mochis,2015-12-01,0.48627636648074163,41693.86079499963
070,25,Culiacán,2012-09-01,-0.004358285277340529,95386.26382274501
070,25,Culiacán,2012-12-01,-0.028191745494719096,92697.15854936204
070,25,Culiacán,2013-03-01,-0.00337545404958924,92384.26355015118
070,25,Culiacán,2013-06-01,0.015941282148470213,93856.98716148276
070,25,Culiacán,2013-09-01,-0.027225104183783273,91301.72090763538
070,25,Culiacán,2013-12-01,-0.0396650467907911,87680.23387575427
070,25,Culiacán,2014-03-01,0.18261004992715613,103691.52576143049
070,25,Culiacán,2014-06-01,-0.006034369126729515,103065.81281967222
070,25,Culiacán,2014-09-01,-0.00261747309870383,102796.0408272207
070,25,Culiacán,2014-12-01,0.024605836589668844,105325.42340988021
070,25,Culiacán,2015-03-01,0.19117962523668705,125461.4983852765
070,25,Culiacán,2015-06-01,-0.013496858306457095,123768.16231865463
070,25,Culiacán,2015-09-01,0.01356013604959871,125446.47543830442
070,25,Culiacán,2015-12-01,0.028533067183208215,129025.84814988224
071,25,Mazatlán,2012-09-01,-0.055262643087969236,60531.69807368011
071,25,Mazatlán,2012-12-01,-0.01237016305372319,59782.91109858996
071,25,Mazatlán,2013-03-01,0.04115404725849075,62243.219847191474
071,25,Mazatlán,2013-06-01,0.037591246128786296,64583.02004431542
071,25,Mazatlán,2013-09-01,-0.03280202030856825,62464.56650923311
071,25,Mazatlán,2013-12-01,-0.055640985439561065,58988.97647360438
071,25,Mazatlán,2014-03-01,-0.007293439653167786,58558.74393349201
071,25,Mazatlán,2014-06-01,0.037294991373347075,60742.69178332563
071,25,Mazatlán,2014-09-01,0.028826508802437402,62493.69152270141
071,25,Mazatlán,2014-12-01,-0.023812738106149773,61005.545613184804
071,25,Mazatlán,2015-03-01,-0.052252695232709964,57817.84143075388
071,25,Mazatlán,2015-06-01,-0.032908736143462874,55915.12934272462
071,25,Mazatlán,2015-09-01,0.055503366881852166,59018.607280880075
071,25,Mazatlán,2015-12-01,0.11286799152982545,65679.91894756054
039,26,Guaymas,2012-09-01,-0.19702396158122498,15166.27288845045
039,26,Guaymas,2012-12-01,0.5572810649521543,23618.149595081104
039,26,Guaymas,2013-03-01,-0.3035554698895802,16448.731096823863
039,26,Guaymas,2013-06-01,0.16604966094748141,19180.037318467756
039,26,Guaymas,2013-09-01,-0.044740168170496024,18321.919223323122
039,26,Guaymas,2013-12-01,0.5447861231432762,28303.446565541595
039,26,Guaymas,2014-03-01,-0.2440960918049225,21394.685874283434
039,26,Guaymas,2014-06-01,0.11274617085763276,23806.854783310773
039,26,Guaymas,2014-09-01,-0.15625658618230986,20086.87692713264
039,26,Guaymas,2014-12-01,0.46963866442974045,29520.450979755777
039,26,Guaymas,2015-03-01,-0.2608914593739295,21818.817442270745
039,26,Guaymas,2015-06-01,0.058473351576249624,23094.636825550646
039,26,Guaymas,2015-09-01,-0.05190327790072801,21895.949472377706
039,26,Guaymas,2015-12-01,0.6319135584805781,35732.29681977884
072,26,Cd. Obregón,2012-09-01,-0.02529087694087635,45916.56741576344
072,26,Cd. Obregón,2012-12-01,0.009309798539180661,46344.0414080149
072,26,Cd. Obregón,2013-03-01,-0.03940679056911466,44517.77147412288
072,26,Cd. Obregón,2013-06-01,-0.03560849346110229,42932.56069968373
072,26,Cd. Obregón,2013-09-01,0.007989153990373914,43275.55553831458
072,26,Cd. Obregón,2013-12-01,-0.0036398743623818845,43118.03795319283
072,26,Cd. Obregón,2014-03-01,-0.05425539342001511,40778.651840543214
072,26,Cd. Obregón,2014-06-01,-0.025553281251925297,39736.623480987466
072,26,Cd. Obregón,2014-09-01,-0.008610232689055556,39394.48190653878
072,26,Cd. Obregón,2014-12-01,0.0638194401029536,41908.61568496002
072,26,Cd. Obregón,2015-03-01,0.09907656481416413,46060.777363142864
072,26,Cd. Obregón,2015-06-01,0.0524318767445284,48475.83036460433
072,26,Cd. Obregón,2015-09-01,-0.03434346187258968,46811.002532735416
072,26,Cd. Obregón,2015-12-01,-0.031161571446858084,45352.29813281253
073,26,Hermosillo,2012-09-01,-0.03014724488309814,132578.3121612378
073,26,Hermosillo,2012-12-01,0.03486999639991254,137201.31742900665
073,26,Hermosillo,2013-03-01,0.04424224826512486,143271.41217700293
073,26,Hermosillo,2013-06-01,0.012674633968061474,145087.32488443374
073,26,Hermosillo,2013-09-01,-0.005972539846454863,144220.78505534588
073,26,Hermosillo,2013-12-01,-0.02959810044807816,139952.12377257706
073,26,Hermosillo,2014-03-01,-0.03752494112464935,134700.4285677415
073,26,Hermosillo,2014-06-01,0.018439512339902448,137184.2387825065
073,26,Hermosillo,2014-09-01,-0.00895766172350547,135955.38877769618
073,26,Hermosillo,2014-12-01,-0.020301024704642023,133195.35507139098
073,26,Hermosillo,2015-03-01,0.031880748889690363,137441.72273969516
073,26,Hermosillo,2015-06-01,0.005026724154930562,138132.60436728605
073,26,Hermosillo,2015-09-01,-0.012713952339527783,136376.39301882553
073,26,Hermosillo,2015-12-01,0.009165871723136789,137626.4015433002
040,27,Villahermosa,2012-09-01,-0.007401084667726983,178338.26004437156
040,27,Villahermosa,2012-12-01,0.028463367847950886,183414.36754137801
040,27,Villahermosa,2013-03-01,-0.0419709633331058,175716.28984653405
040,27,Villahermosa,2013-06-01,0.022887292503534686,179737.95996988754
040,27,Villahermosa,2013-09-01,0.003882337374482548,180435.76336949188
040,27,Villahermosa,2013-12-01,0.025653966597298482,185064.65641593092
040,27,Villahermosa,2014-03-01,-0.045248333312683145,176690.78915802567
040,27,Villahermosa,2014-06-01,0.022797877837398464,180718.96418424387
040,27,Villahermosa,2014-09-01,0.004220467660081653,181481.68272814696
040,27,Villahermosa,2014-12-01,0.03179011470306498,187251.00623857998
040,27,Villahermosa,2015-03-01,-0.0470118066170389,178447.9981444459
040,27,Villahermosa,2015-06-01,0.02340233391550034,182624.0977835748
040,27,Villahermosa,2015-09-01,0.01007582309091222,184464.18588497955
040,27,Villahermosa,2015-12-01,0.03224897210563908,190412.96627007372
074,27,Cárdenas,2012-09-01,-0.018127349344244793,43424.373552454614
074,27,Cárdenas,2012-12-01,0.012700699650241482,43975.893478444224
074,27,Cárdenas,2013-03-01,-0.005723962388394876,43724.17711817755
074,27,Cárdenas,2013-06-01,-5.529279773921987e-4,43700.00079736046
074,27,Cárdenas,2013-09-01,-0.007203694650275809,43385.19933539946
074,27,Cárdenas,2013-12-01,0.014886718802819596,44031.06259810984
074,27,Cárdenas,2014-03-01,-0.022862211968739273,43024.415111783026
074,27,Cárdenas,2014-06-01,3.711572861749609e-5,43026.011994298235
074,27,Cárdenas,2014-09-01,-0.007944739711211284,42684.18152819208
074,27,Cárdenas,2014-12-01,0.017332368106773348,43423.999474775046
074,27,Cárdenas,2015-03-01,-0.03611746430206784,41855.634723891846
074,27,Cárdenas,2015-06-01,5.410399640598377e-4,41878.280294998556
074,27,Cárdenas,2015-09-01,-0.009434394832390542,41483.184063794026
074,27,Cárdenas,2015-12-01,0.015541227636310611,42127.88367040842
041,28,Tampico,2012-09-01,0.009248393933517153,60524.0916637661
041,28,Tampico,2012-12-01,-0.0065250104441373045,60129.1713335381
041,28,Tampico,2013-03-01,0.05581098710642748,63485.039739554355
041,28,Tampico,2013-06-01,-0.007745178281605709,62993.33678855668
041,28,Tampico,2013-09-01,0.017954540949424985,64124.35323346775
041,28,Tampico,2013-12-01,-0.0073614492204057145,63652.30506334821
041,28,Tampico,2014-03-01,0.04243668930502141,66353.49815686997
041,28,Tampico,2014-06-01,-0.02588281302182818,64636.08297073148
041,28,Tampico,2014-09-01,0.01422085550579702,65555.26336711897
041,28,Tampico,2014-12-01,-0.0233461388789741,64024.80108430248
041,28,Tampico,2015-03-01,0.030349511036652854,65967.92249143001
041,28,Tampico,2015-06-01,-0.0177928600642131,64794.16447781315
041,28,Tampico,2015-09-01,0.004898300152013006,65111.5457435244
041,28,Tampico,2015-12-01,-0.04064317031075679,62465.20610067369
042,28,Reynosa,2012-09-01,-0.02086718336920317,106960.98852136149
042,28,Reynosa,2012-12-01,0.04098995144700335,111345.31424757557
042,28,Reynosa,2013-03-01,0.02538823909467022,114172.17570776424
042,28,Reynosa,2013-06-01,-0.03168644263122121,110554.46561211845
042,28,Reynosa,2013-09-01,-0.0018288276186172467,110352.28055204553
042,28,Reynosa,2013-12-01,0.05221742048612873,116114.59198723493
042,28,Reynosa,2014-03-01,0.030697108060004925,119678.9741648105
042,28,Reynosa,2014-06-01,-0.03116174775239171,115949.56816062167
042,28,Reynosa,2014-09-01,0.027959694659777767,119191.48268232572
042,28,Reynosa,2014-12-01,0.06335603836410746,126742.98283182201
042,28,Reynosa,2015-03-01,0.003679985808699615,127209.39520999536
042,28,Reynosa,2015-06-01,-0.05036327273191318,120802.71374497263
042,28,Reynosa,2015-09-01,0.009386139939918863,121936.5849213049
042,28,Reynosa,2015-12-01,0.025934165062559685,125098.90844181887
043,28,Matamoros,2012-09-01,0.028898710054652485,71864.7731236085
043,28,Matamoros,2012-12-01,-0.05383001563717316,67996.29126260275
043,28,Matamoros,2013-03-01,0.07914010357435655,73377.52479579725
043,28,Matamoros,2013-06-01,-0.03475496498130704,70827.29149110433
043,28,Matamoros,2013-09-01,0.04415310964691821,73954.53665830533
043,28,Matamoros,2013-12-01,-0.04988116968447989,70265.5978663153
043,28,Matamoros,2014-03-01,0.07945248471044412,75848.37420645893
043,28,Matamoros,2014-06-01,-0.07242957108429288,70354.70899524417
043,28,Matamoros,2014-09-01,0.013152998903325996,71280.08440550244
043,28,Matamoros,2014-12-01,-0.06890469603019211,66368.55185653486
043,28,Matamoros,2015-03-01,0.05927375451006526,70302.46510646764
043,28,Matamoros,2015-06-01,-0.05489353546080359,66443.31424516386
043,28,Matamoros,2015-09-01,0.04703966917888826,69568.78576640529
043,28,Matamoros,2015-12-01,-0.15761561317770306,58603.65893980505
044,28,Nuevo Laredo,2012-09-01,0.006048127194163803,93652.91190632265
044,28,Nuevo Laredo,2012-12-01,-0.028999562080360114,90937.01847348874
044,28,Nuevo Laredo,2013-03-01,-0.0017247495395208672,90780.17489275121
044,28,Nuevo Laredo,2013-06-01,-0.022740256865129524,88715.81039742866
044,28,Nuevo Laredo,2013-09-01,-0.0038598961521263365,88373.37658224285
044,28,Nuevo Laredo,2013-12-01,-0.018237988542213757,86761.62395269917
044,28,Nuevo Laredo,2014-03-01,0.0135874139649031,87940.49005361173
044,28,Nuevo Laredo,2014-06-01,-0.0023530640079068386,87733.56045162892
044,28,Nuevo Laredo,2014-09-01,0.017419673180187542,89261.8504016305
044,28,Nuevo Laredo,2014-12-01,-9.51958506396656e-4,89176.87682384397
044,28,Nuevo Laredo,2015-03-01,0.008138870337386842,89902.67586140634
044,28,Nuevo Laredo,2015-06-01,-0.0034499803838230507,89592.5133932313
044,28,Nuevo Laredo,2015-09-01,0.018251465135313564,91227.70802781296
044,28,Nuevo Laredo,2015-12-01,-0.013438333665057025,90001.75964783684
075,28,Cd. Victoria,2012-09-01,0.01267460938316738,27183.416091450377
075,28,Cd. Victoria,2012-12-01,-0.025247985735491866,26497.089589731495
075,28,Cd. Victoria,2013-03-01,0.054498138413634684,27941.131645751164
075,28,Cd. Victoria,2013-06-01,-0.018706819787538024,27418.44193139422
075,28,Cd. Victoria,2013-09-01,0.01603573619739817,27858.116833149736
075,28,Cd. Victoria,2013-12-01,-0.0295088735813651,27036.05518530542
075,28,Cd. Victoria,2014-03-01,0.04776393826283556,28327.403656046972
075,28,Cd. Victoria,2014-06-01,-0.01865977389316244,27798.82070884479
075,28,Cd. Victoria,2014-09-01,0.03329560538872111,28724.399273438292
075,28,Cd. Victoria,2014-12-01,-0.04559490847481942,27414.712917571705
075,28,Cd. Victoria,2015-03-01,0.03159985814247148,28281.01395678355
075,28,Cd. Victoria,2015-06-01,-0.01311944340231495,27909.98279481745
075,28,Cd. Victoria,2015-09-01,0.04397709253117771,29137.382690728715
075,28,Cd. Victoria,2015-12-01,-0.035354671017737184,28107.24011138009
033,29,Puebla,2012-09-01,-0.033047675583602436,16734.71887595579
033,29,Puebla,2012-12-01,0.08773057086571497,18202.86531622065
033,29,Puebla,2013-03-01,-0.07329765421932061,16868.637988471444
033,29,Puebla,2013-06-01,0.05811382003363913,17848.93898074608
033,29,Puebla,2013-09-01,-0.05032644127482412,16950.66540131364
033,29,Puebla,2013-12-01,0.10779413343399957,18777.847689377926
033,29,Puebla,2014-03-01,-0.042468341501169675,17980.383641048476
033,29,Puebla,2014-06-01,0.07894080433952341,19399.76958800605
033,29,Puebla,2014-09-01,-0.04688137701610229,18490.281675925224
033,29,Puebla,2014-12-01,0.039539050108321955,19221.36984962662
033,29,Puebla,2015-03-01,-0.09252028925332204,17443.00315129408
033,29,Puebla,2015-06-01,0.05160512483778801,18343.15150646254
033,29,Puebla,2015-09-01,-0.05113691039433585,17405.139411526838
033,29,Puebla,2015-12-01,0.0020218936263135187,17440.3307519681
045,29,Tlaxcala,2012-09-01,-0.003515050792501809,38345.98549968027
045,29,Tlaxcala,2012-12-01,0.037196084396365445,39772.30601258819
045,29,Tlaxcala,2013-03-01,-0.06914028782831247,37022.43732728212
045,29,Tlaxcala,2013-06-01,0.03505795963521356,38320.368440699196
045,29,Tlaxcala,2013-09-01,-0.022249615556188797,37467.754974922136
045,29,Tlaxcala,2013-12-01,0.05014459121408425,39346.56023184907
045,29,Tlaxcala,2014-03-01,-0.049886115842026936,37383.713170137766
045,29,Tlaxcala,2014-06-01,0.027647599378079403,38417.283095130755
045,29,Tlaxcala,2014-09-01,-0.041842880543807484,36809.79330776357
045,29,Tlaxcala,2014-12-01,0.05929779195836277,38992.53277335767
045,29,Tlaxcala,2015-03-01,-0.03366066965926622,37680.018008495565
045,29,Tlaxcala,2015-06-01,0.06571457585942085,40156.144410299195
045,29,Tlaxcala,2015-09-01,-0.026930918209181334,39074.702569589346
045,29,Tlaxcala,2015-12-01,0.05771134968890933,41329.75639357304
041,30,Tampico,2012-09-01,-0.020770287317565417,17707.32979769176
041,30,Tampico,2012-12-01,0.022347845748635846,18103.0504726308
041,30,Tampico,2013-03-01,-0.011614735902886971,17892.78832235456
041,30,Tampico,2013-06-01,0.0057247715906251434,17995.220448619446
041,30,Tampico,2013-09-01,-0.0475927349743605,17138.77869100311
041,30,Tampico,2013-12-01,-0.04896570028349141,16299.56639039436
041,30,Tampico,2014-03-01,-0.005631587861915329,16207.773950155733
041,30,Tampico,2014-06-01,0.020208025479332568,16535.301059103746
041,30,Tampico,2014-09-01,-0.02243164316614428,16164.38708610116
041,30,Tampico,2014-12-01,-0.005098812499908608,16081.967907173186
041,30,Tampico,2015-03-01,-0.013134119337607835,15870.745421496795
041,30,Tampico,2015-06-01,0.007382577257687029,15987.912425708077
041,30,Tampico,2015-09-01,-0.021233018502300537,15648.440785359855
041,30,Tampico,2015-12-01,0.021653287442898916,15987.280971718437
046,30,Veracruz,2012-09-01,-0.007856394075422081,142144.60236913335
046,30,Veracruz,2012-12-01,3.496614861125205e-4,142194.30486204062
046,30,Veracruz,2013-03-01,-0.0016355344965463974,141961.7411712263
046,30,Veracruz,2013-06-01,-0.0022751620913970556,141638.7551992848
046,30,Veracruz,2013-09-01,-0.007874899693178478,140523.36420942377
046,30,Veracruz,2013-12-01,-0.001801615529734028,140270.1951341736
046,30,Veracruz,2014-03-01,-0.049301237892949,133354.70087457332
046,30,Veracruz,2014-06-01,8.707146553666344e-4,133470.81476698685
046,30,Veracruz,2014-09-01,0.002419122958857078,133793.69707932702
046,30,Veracruz,2014-12-01,0.0035426414532116765,134267.68017677867
046,30,Veracruz,2015-03-01,-0.019207187046287346,131688.7757293522
046,30,Veracruz,2015-06-01,-6.25110429561018e-4,131606.45570218767
046,30,Veracruz,2015-09-01,-0.0013688516614853985,131426.3059866375
046,30,Veracruz,2015-12-01,-0.001116319743102584,131279.5922065016
047,30,Xalapa,2012-09-01,-7.269499082372022e-4,60761.19404088904
047,30,Xalapa,2012-12-01,-7.650733778458794e-4,60714.70726892222
047,30,Xalapa,2013-03-01,-0.0040226457597595695,60470.473509171854
047,30,Xalapa,2013-06-01,-0.0012547213025561658,60394.59991788423
047,30,Xalapa,2013-09-01,-8.921266329355326e-4,60340.72028681201
047,30,Xalapa,2013-12-01,7.037737907584691e-4,60383.186504265344
047,30,Xalapa,2014-03-01,0.10238960708618848,66565.79724504912
047,30,Xalapa,2014-06-01,-0.0016309090223770928,66457.23448574045
047,30,Xalapa,2014-09-01,-0.0028625083895604158,66267.00009447802
047,30,Xalapa,2014-12-01,-0.0028982275336934863,66074.94325022894
047,30,Xalapa,2015-03-01,0.0351360871752832,68396.55821637088
047,30,Xalapa,2015-06-01,-0.0013655608930255414,68303.15855125307
047,30,Xalapa,2015-09-01,-3.0625108442136964e-4,68282.24063487734
047,30,Xalapa,2015-12-01,8.671796612083097e-4,68341.45360517764
048,30,Poza Rica,2012-09-01,-0.007113920764106065,49359.488630129046
048,30,Poza Rica,2012-12-01,0.014527118648241865,50076.539777875485
048,30,Poza Rica,2013-03-01,-0.02052365131514833,49048.78633640521
048,30,Poza Rica,2013-06-01,-0.008818552414282331,48616.247043240684
048,30,Poza Rica,2013-09-01,-0.022776395447697214,47508.944175400895
048,30,Poza Rica,2013-12-01,0.0018255483775661,47595.674051360176
048,30,Poza Rica,2014-03-01,-0.056368001927591685,44912.80100468808
048,30,Poza Rica,2014-06-01,-0.011444923359441011,44398.77743933161
048,30,Poza Rica,2014-09-01,-0.007014569977158838,44087.33910808311
048,30,Poza Rica,2014-12-01,0.019133068706324117,44930.86519631707
048,30,Poza Rica,2015-03-01,-0.03608558802267878,43309.50850534026
048,30,Poza Rica,2015-06-01,2.9411591767396455e-4,43322.246521178306
048,30,Poza Rica,2015-09-01,-0.008621360177854693,42948.74983020542
048,30,Poza Rica,2015-12-01,0.016384457837820835,43652.44181098554
049,30,Orizaba,2012-09-01,-0.0034679569181865454,48691.555985288316
049,30,Orizaba,2012-12-01,0.03948864917241073,50614.31975725017
049,30,Orizaba,2013-03-01,-0.0304002745162674,49075.630542175626
049,30,Orizaba,2013-06-01,0.011229974349016673,49626.74861432607
049,30,Orizaba,2013-09-01,-0.012626424766293899,49000.14020655151
049,30,Orizaba,2013-12-01,0.0308645584896869,50512.507899959484
049,30,Orizaba,2014-03-01,-0.022516477662960353,49375.14414412993
049,30,Orizaba,2014-06-01,0.01517793811263421,50124.557026251925
049,30,Orizaba,2014-09-01,-0.009708319304572437,49637.93182164083
049,30,Orizaba,2014-12-01,0.034432461753768434,51347.08801062564
049,30,Orizaba,2015-03-01,-0.028663217943996264,49875.31523618752
049,30,Orizaba,2015-06-01,0.017985055731445078,50772.325560333746
049,30,Orizaba,2015-09-01,-0.006225491024006985,50456.24290328992
049,30,Orizaba,2015-12-01,0.033520600197345714,52147.56644911128
050,30,Minatitlán,2012-09-01,-0.004096264388646464,73852.81309765356
050,30,Minatitlán,2012-12-01,0.01734067132590393,75133.47045607338
050,30,Minatitlán,2013-03-01,-0.0054236925354045175,74725.96961320174
050,30,Minatitlán,2013-06-01,-0.020696951607128866,73179.36983632152
050,30,Minatitlán,2013-09-01,0.007995621818017697,73764.4844024136
050,30,Minatitlán,2013-12-01,0.008140175015448843,74364.94021537359
050,30,Minatitlán,2014-03-01,-0.03199482659249663,71985.64684862134
050,30,Minatitlán,2014-06-01,-0.0406926886514447,69056.35733403753
050,30,Minatitlán,2014-09-01,0.011532228874833827,69852.73105207596
050,30,Minatitlán,2014-12-01,0.022440121185162882,71420.23480199913
050,30,Minatitlán,2015-03-01,0.0017421430835674887,71544.65907008621
050,30,Minatitlán,2015-06-01,-0.013519649087151944,70577.40038539872
050,30,Minatitlán,2015-09-01,-0.0018608310323576858,70446.06776857843
050,30,Minatitlán,2015-12-01,0.007125627301328068,70948.04019234142
051,30,Coatzacoalcos,2012-09-01,-0.009114504359901087,105174.33115756621
051,30,Coatzacoalcos,2012-12-01,0.04786415789593289,110208.41195069111
051,30,Coatzacoalcos,2013-03-01,-0.03646192544616813,106190.00105060442
051,30,Coatzacoalcos,2013-06-01,-0.00793636355368777,105347.23859650033
051,30,Coatzacoalcos,2013-09-01,-0.013750439883317764,103898.66772530561
051,30,Coatzacoalcos,2013-12-01,0.04604869919965125,108683.06622263273
051,30,Coatzacoalcos,2014-03-01,-0.08583725794448208,99354.00983308337
051,30,Coatzacoalcos,2014-06-01,-5.196443001529716e-4,99302.38108817626
051,30,Coatzacoalcos,2014-09-01,-0.003303484893026461,98974.33717240993
051,30,Coatzacoalcos,2014-12-01,0.050612079054511205,103983.63414974778
051,30,Coatzacoalcos,2015-03-01,-0.0467223184280339,99125.2776836991
051,30,Coatzacoalcos,2015-06-01,0.0014930053220038487,99273.27225082598
051,30,Coatzacoalcos,2015-09-01,-0.014335833942465999,97850.10710491291
051,30,Coatzacoalcos,2015-12-01,0.04687452148320057,102436.78405253563
052,30,Córdoba,2012-09-01,0.00576047263201202,19336.71741097659
052,30,Córdoba,2012-12-01,0.0073591321431248895,19479.018869618223
052,30,Córdoba,2013-03-01,-0.03418429784408884,18813.14228686857
052,30,Córdoba,2013-06-01,0.006506422537081034,18935.548539837164
052,30,Córdoba,2013-09-01,0.0019330079864304287,18972.15110639211
052,30,Córdoba,2013-12-01,0.009743143369579835,19156.99949465102
052,30,Córdoba,2014-03-01,-0.03242700878220596,18535.795303797255
052,30,Córdoba,2014-06-01,9.81793378094647e-4,18553.993624884242
052,30,Córdoba,2014-09-01,0.007953928123961824,18701.57075658902
052,30,Córdoba,2014-12-01,0.018152781611543663,19041.05628632621
052,30,Córdoba,2015-03-01,-0.029851629787801072,18472.64972329812
052,30,Córdoba,2015-06-01,0.004794336978108555,18561.21383095017
052,30,Córdoba,2015-09-01,0.0071305021766246215,18693.564606572552
052,30,Córdoba,2015-12-01,0.01893052768731484,19047.443648931883
053,31,Mérida,2012-09-01,0.00537630181508362,142014.69007046634
053,31,Mérida,2012-12-01,2.7093480052834627e-4,142053.16679219267
053,31,Mérida,2013-03-01,0.0018398456870581989,142314.52269844827
053,31,Mérida,2013-06-01,0.010383103471959438,143792.18911318877
053,31,Mérida,2013-09-01,0.024544161568642812,147321.4478350917
053,31,Mérida,2013-12-01,-0.0046433391976778236,146637.3843817004
053,31,Mérida,2014-03-01,0.002820946127405587,147051.04054330484
053,31,Mérida,2014-06-01,0.01822376469813478,149730.8641047819
053,31,Mérida,2014-09-01,0.01802895695376302,152430.35540837672
053,31,Mérida,2014-12-01,-0.013562652053610794,150362.9955355647
053,31,Mérida,2015-03-01,0.003734517839883504,150924.5288248506
053,31,Mérida,2015-06-01,0.015876622317753795,153320.7005674877
053,31,Mérida,2015-09-01,0.023914511623693548,156987.2902433617
053,31,Mérida,2015-12-01,0.025303994442551377,160959.69576323093
054,32,Zacatecas,2012-09-01,-0.06034014487575596,34295.45223935685
054,32,Zacatecas,2012-12-01,-0.03206693976007774,33195.70203835277
054,32,Zacatecas,2013-03-01,-0.06786868912484474,30942.753256430824
054,32,Zacatecas,2013-06-01,0.2110180545454764,37472.23285088356
054,32,Zacatecas,2013-09-01,-0.05357032617461597,35464.83311457057
054,32,Zacatecas,2013-12-01,-0.043607781231582356,33918.2904306958
054,32,Zacatecas,2014-03-01,-0.040107489600256716,32557.912949988182
054,32,Zacatecas,2014-06-01,0.23848214653173408,40322.3939168947
054,32,Zacatecas,2014-09-01,-0.017873244059812367,39601.701929342154
054,32,Zacatecas,2014-12-01,0.0018972287653968587,39676.83541740118
054,32,Zacatecas,2015-03-01,-0.11955524811994042,34933.26151445974
054,32,Zacatecas,2015-06-01,0.2022102240968546,41997.12415373267
054,32,Zacatecas,2015-09-01,-0.03134882131382293,40680.56381294286
054,32,Zacatecas,2015-12-01,-0.010602702908095039,40249.23988070043
