trimestre,CVEMET,zona_metro,magda,var_trim,var_anual,anual_acum
2012-09-01,001,Aguascalientes,144632.095533014,NA,NA,NA
2012-09-01,002,Tijuana,162079.518051339,NA,NA,NA
2012-09-01,003,Mexicali,212695.067057386,NA,NA,NA
2012-09-01,004,La Laguna,249871.405906959,NA,NA,NA
2012-09-01,005,Saltillo,137540.787774271,NA,NA,NA
2012-09-01,006,Monclova,66535.8171512177,NA,NA,NA
2012-09-01,007,Piedras Negras,42140.5738485492,NA,NA,NA
2012-09-01,008,Colima,46684.1587479776,NA,NA,NA
2012-09-01,009,Tecomán,10270.9971609779,NA,NA,NA
2012-09-01,010,Tuxtla,98028.4955590054,NA,NA,NA
2012-09-01,011,Juárez,196208.309983321,NA,NA,NA
2012-09-01,012,Chihuahua,113954.881125106,NA,NA,NA
2012-09-01,013,ZMVM,3502708.43390502,NA,NA,NA
2012-09-01,014,León,195548.211873031,NA,NA,NA
2012-09-01,015,San Francisco,21831.4687336846,NA,NA,NA
2012-09-01,016,Acapulco,97911.3449427382,NA,NA,NA
2012-09-01,017,Pachuca,72026.2757367327,NA,NA,NA
2012-09-01,018,Tulancingo,21928.3321653025,NA,NA,NA
2012-09-01,019,Tula,44209.1408284898,NA,NA,NA
2012-09-01,020,Guadalajara,678424.869369539,NA,NA,NA
2012-09-01,021,Puerto Vallarta,53930.5693239728,NA,NA,NA
2012-09-01,022,Ocotlán,12066.6763311871,NA,NA,NA
2012-09-01,023,Toluca,192375.52290144,NA,NA,NA
2012-09-01,024,Morelia,99684.1143307397,NA,NA,NA
2012-09-01,025,Zamora,19694.0590830402,NA,NA,NA
2012-09-01,026,Pénjamo,24560.2028687874,NA,NA,NA
2012-09-01,027,Cuernavaca,92408.7504999411,NA,NA,NA
2012-09-01,028,Cuautla,49837.3325986076,NA,NA,NA
2012-09-01,029,Tepic,54347.8646646233,NA,NA,NA
2012-09-01,030,Monterrey,938786.957647171,NA,NA,NA
2012-09-01,031,Oaxaca,74777.4807053594,NA,NA,NA
2012-09-01,032,Tehuantepec,33505.6899971125,NA,NA,NA
2012-09-01,033,Puebla,324043.077237973,NA,NA,NA
2012-09-01,034,Tehuacán,26229.2344905412,NA,NA,NA
2012-09-01,035,Querétaro,230169.906686575,NA,NA,NA
2012-09-01,036,Cancún,151635.700292115,NA,NA,NA
2012-09-01,037,San Luis,194632.910954224,NA,NA,NA
2012-09-01,038,Cd. Fernández,8866.90246519045,NA,NA,NA
2012-09-01,039,Guaymas,29341.7013330512,NA,NA,NA
2012-09-01,040,Villahermosa,211921.672467621,NA,NA,NA
2012-09-01,041,Tampico,91282.2644208684,NA,NA,NA
2012-09-01,042,Reynosa,140129.544824144,NA,NA,NA
2012-09-01,043,Matamoros,74395.6485264459,NA,NA,NA
2012-09-01,044,Nuevo Laredo,111233.749344207,NA,NA,NA
2012-09-01,045,Tlaxcala,45274.1381876867,NA,NA,NA
2012-09-01,046,Veracruz,172368.453996109,NA,NA,NA
2012-09-01,047,Xalapa,79712.5784069118,NA,NA,NA
2012-09-01,048,Poza Rica,59869.6043600878,NA,NA,NA
2012-09-01,049,Orizaba,61574.6898748817,NA,NA,NA
2012-09-01,050,Minatitlán,92142.1327103482,NA,NA,NA
2012-09-01,051,Coatzacoalcos,129825.277532509,NA,NA,NA
2012-09-01,052,Córdoba,23852.6105075816,NA,NA,NA
2012-09-01,053,Mérida,174488.978161419,NA,NA,NA
2012-09-01,054,Zacatecas,45453.6659990793,NA,NA,NA
2012-09-01,055,Ensenada,50539.8974556208,NA,NA,NA
2012-09-01,056,La Paz,54047.4101975827,NA,NA,NA
2012-09-01,057,Los Cabos,37167.3500342185,NA,NA,NA
2012-09-01,058,Campeche,285652.659842321,NA,NA,NA
2012-09-01,059,Cd. del Carmen,233699.501428784,NA,NA,NA
2012-09-01,060,Manzanillo,31530.1898467263,NA,NA,NA
2012-09-01,061,Tapachula,20810.2168728704,NA,NA,NA
2012-09-01,062,Durango,59490.8086740361,NA,NA,NA
2012-09-01,063,Celaya,75918.9917991474,NA,NA,NA
2012-09-01,064,Guanajuato,20128.4144895035,NA,NA,NA
2012-09-01,065,Irapuato,59423.0847192862,NA,NA,NA
2012-09-01,066,Salamanca,42163.2482885509,NA,NA,NA
2012-09-01,067,Uruapan,32060.3542300951,NA,NA,NA
2012-09-01,068,San Juan del Río,39698.411580699,NA,NA,NA
2012-09-01,069,Los Mochis,47251.0382966225,NA,NA,NA
2012-09-01,070,Culiacán,109820.930723427,NA,NA,NA
2012-09-01,071,Mazatlán,67145.3310473959,NA,NA,NA
2012-09-01,072,Cd. Obregón,54483.3082003052,NA,NA,NA
2012-09-01,073,Hermosillo,149837.290777354,NA,NA,NA
2012-09-01,074,Cárdenas,53328.4802288783,NA,NA,NA
2012-09-01,075,Cd. Victoria,31687.1878393374,NA,NA,NA
2012-09-01,076,Chetumal,18343.3974782798,NA,NA,NA
2012-09-01,077,Chilpancingo,22302.8346430429,NA,NA,NA
2012-09-01,078,Moroleón,8115.80617103723,NA,NA,NA
2012-12-01,001,Aguascalientes,147593.566927597,0.0204758935675295,NA,NA
2012-12-01,002,Tijuana,166309.898594928,0.0261006485856505,NA,NA
2012-12-01,003,Mexicali,221577.882122558,0.0417631456529075,NA,NA
2012-12-01,004,La Laguna,257816.350193829,0.0317961323266744,NA,NA
2012-12-01,005,Saltillo,141930.119104153,0.0319129430688287,NA,NA
2012-12-01,006,Monclova,66736.0020600706,0.003008678895428,NA,NA
2012-12-01,007,Piedras Negras,42875.6437980728,0.0174432828600146,NA,NA
2012-12-01,008,Colima,47670.9439659585,0.0211374745619384,NA,NA
2012-12-01,009,Tecomán,10503.2595878353,0.022613425280638,NA,NA
2012-12-01,010,Tuxtla,100884.787634832,0.0291373652073159,NA,NA
2012-12-01,011,Juárez,210052.154650415,0.0705568722765626,NA,NA
2012-12-01,012,Chihuahua,122170.693794072,0.0720970667324516,NA,NA
2012-12-01,013,ZMVM,3687176.93788052,0.0526645330196225,NA,NA
2012-12-01,014,León,203092.243621055,0.0385788838249379,NA,NA
2012-12-01,015,San Francisco,21564.5831187268,-0.0122248126414886,NA,NA
2012-12-01,016,Acapulco,102131.718639493,0.0431040315013895,NA,NA
2012-12-01,017,Pachuca,76103.660137186,0.0566096797140632,NA,NA
2012-12-01,018,Tulancingo,23502.9878332944,0.0718091853097504,NA,NA
2012-12-01,019,Tula,47063.5036322099,0.0645649915431212,NA,NA
2012-12-01,020,Guadalajara,707312.889492508,0.0425810158607767,NA,NA
2012-12-01,021,Puerto Vallarta,56586.0697605744,0.0492392435290163,NA,NA
2012-12-01,022,Ocotlán,12743.0024182835,0.0560490783488068,NA,NA
2012-12-01,023,Toluca,199129.40234909,0.035107789940152,NA,NA
2012-12-01,024,Morelia,101062.326275549,0.013825793147304,NA,NA
2012-12-01,025,Zamora,20027.2838377419,0.0169200647411865,NA,NA
2012-12-01,026,Pénjamo,25284.8668058413,0.0295056169090051,NA,NA
2012-12-01,027,Cuernavaca,95698.3977566458,0.0355988717400388,NA,NA
2012-12-01,028,Cuautla,52229.8131231259,0.0480057900326942,NA,NA
2012-12-01,029,Tepic,56011.2061220061,0.0306054610911979,NA,NA
2012-12-01,030,Monterrey,965114.594747127,0.0280443149380121,NA,NA
2012-12-01,031,Oaxaca,77858.0054866706,0.0411958888191106,NA,NA
2012-12-01,032,Tehuantepec,35113.3694393561,0.0479822812895994,NA,NA
2012-12-01,033,Puebla,333078.115392232,0.0278822131652086,NA,NA
2012-12-01,034,Tehuacán,27301.9826739292,0.0408989512741915,NA,NA
2012-12-01,035,Querétaro,236655.969620794,0.0281794567656095,NA,NA
2012-12-01,036,Cancún,154075.508578848,0.0160899331887745,NA,NA
2012-12-01,037,San Luis,201189.733841359,0.0336881509657776,NA,NA
2012-12-01,038,Cd. Fernández,9148.12745890958,0.0317162610982986,NA,NA
2012-12-01,039,Guaymas,31448.0529773256,0.0717869635562611,NA,NA
2012-12-01,040,Villahermosa,216328.50741837,0.0207946403000514,NA,NA
2012-12-01,041,Tampico,91343.1508949318,0.000667013186512744,NA,NA
2012-12-01,042,Reynosa,137354.179519069,-0.0198057112692257,NA,NA
2012-12-01,043,Matamoros,73456.0831832509,-0.0126293050978783,NA,NA
2012-12-01,044,Nuevo Laredo,108804.372725853,-0.0218402834811968,NA,NA
2012-12-01,045,Tlaxcala,47595.8531387005,0.0512812621940804,NA,NA
2012-12-01,046,Veracruz,172202.17801066,-0.000964654387704544,NA,NA
2012-12-01,047,Xalapa,79881.2248007736,0.00211568107859894,NA,NA
2012-12-01,048,Poza Rica,59734.1847881625,-0.00226190858237318,NA,NA
2012-12-01,049,Orizaba,62196.7500733288,0.0101025307591667,NA,NA
2012-12-01,050,Minatitlán,92671.4759797707,0.00574485584229523,NA,NA
2012-12-01,051,Coatzacoalcos,130250.14997958,0.0032726480940124,NA,NA
2012-12-01,052,Córdoba,24015.0003668335,0.006808053952849,NA,NA
2012-12-01,053,Mérida,181178.871084465,0.0383399169021295,NA,NA
2012-12-01,054,Zacatecas,46824.0138461241,0.0301482359436669,NA,NA
2012-12-01,055,Ensenada,52094.4973040611,0.0307598536345537,NA,NA
2012-12-01,056,La Paz,56494.4814616923,0.0452763833671899,NA,NA
2012-12-01,057,Los Cabos,38818.1087432929,0.0444142159060206,NA,NA
2012-12-01,058,Campeche,285638.341475622,-5.01250949558329e-05,NA,NA
2012-12-01,059,Cd. del Carmen,233130.258397106,-0.00243579052671516,NA,NA
2012-12-01,060,Manzanillo,32444.7480909485,0.0290057956729119,NA,NA
2012-12-01,061,Tapachula,21439.5193110933,0.0302400711183017,NA,NA
2012-12-01,062,Durango,62003.7068816321,0.0422401084067416,NA,NA
2012-12-01,063,Celaya,79971.505546358,0.053379446317358,NA,NA
2012-12-01,064,Guanajuato,20764.8611332541,0.0316193132888107,NA,NA
2012-12-01,065,Irapuato,61666.240379346,0.0377488928866021,NA,NA
2012-12-01,066,Salamanca,43928.542481466,0.0418680785890597,NA,NA
2012-12-01,067,Uruapan,32664.9672939514,0.0188585896312001,NA,NA
2012-12-01,068,San Juan del Río,40035.6990637527,0.00849624631373502,NA,NA
2012-12-01,069,Los Mochis,52466.9900726798,0.110388088052453,NA,NA
2012-12-01,070,Culiacán,120399.486170462,0.0963254943966541,NA,NA
2012-12-01,071,Mazatlán,72674.7122644965,0.0823494520147277,NA,NA
2012-12-01,072,Cd. Obregón,55939.4363405372,0.0267261329814734,NA,NA
2012-12-01,073,Hermosillo,164195.905507965,0.0958280455827698,NA,NA
2012-12-01,074,Cárdenas,54336.5649769359,0.0189033091460884,NA,NA
2012-12-01,075,Cd. Victoria,31686.6869571936,-1.58070872775529e-05,NA,NA
2012-12-01,076,Chetumal,19581.5637264956,0.0674992868514075,NA,NA
2012-12-01,077,Chilpancingo,23432.2027317606,0.0506378721267191,NA,NA
2012-12-01,078,Moroleón,8849.07968082285,0.090351284189419,NA,NA
2013-03-01,001,Aguascalientes,145479.162294733,-0.0143258590254216,NA,NA
2013-03-01,002,Tijuana,160016.680193503,-0.0378403116987873,NA,NA
2013-03-01,003,Mexicali,214066.299668583,-0.0339004163322633,NA,NA
2013-03-01,004,La Laguna,251206.485865606,-0.0256378787584811,NA,NA
2013-03-01,005,Saltillo,137583.980029508,-0.0306216827131409,NA,NA
2013-03-01,006,Monclova,64306.343419355,-0.0364070151899217,NA,NA
2013-03-01,007,Piedras Negras,41963.6001085535,-0.0212718366122872,NA,NA
2013-03-01,008,Colima,47051.2402207535,-0.0129996113701358,NA,NA
2013-03-01,009,Tecomán,10409.4495990946,-0.00893151197075703,NA,NA
2013-03-01,010,Tuxtla,97188.3655934709,-0.0366400339240519,NA,NA
2013-03-01,011,Juárez,196938.915461052,-0.0624284916819186,NA,NA
2013-03-01,012,Chihuahua,114226.0854688,-0.0650287567218258,NA,NA
2013-03-01,013,ZMVM,3496237.73960594,-0.0517846584233453,NA,NA
2013-03-01,014,León,197231.807357055,-0.0288560319168819,NA,NA
2013-03-01,015,San Francisco,20968.6312110592,-0.0276356795021961,NA,NA
2013-03-01,016,Acapulco,100391.366211936,-0.0170402735872922,NA,NA
2013-03-01,017,Pachuca,72975.5749717702,-0.0411029529956515,NA,NA
2013-03-01,018,Tulancingo,21946.16396326,-0.0662394024571239,NA,NA
2013-03-01,019,Tula,44645.8481784605,-0.0513700695265452,NA,NA
2013-03-01,020,Guadalajara,677026.744995379,-0.0428185954858806,NA,NA
2013-03-01,021,Puerto Vallarta,58411.557680598,0.032260376586456,NA,NA
2013-03-01,022,Ocotlán,12250.6325758568,-0.0386384484805747,NA,NA
2013-03-01,023,Toluca,193310.141557079,-0.0292235135713902,NA,NA
2013-03-01,024,Morelia,98779.3834701695,-0.0225894543447841,NA,NA
2013-03-01,025,Zamora,20118.4728456369,0.00455323890317816,NA,NA
2013-03-01,026,Pénjamo,24582.8607152134,-0.0277638832752627,NA,NA
2013-03-01,027,Cuernavaca,94164.294494008,-0.0160306055127366,NA,NA
2013-03-01,028,Cuautla,51632.0603966004,-0.0114446652358561,NA,NA
2013-03-01,029,Tepic,54756.4770121058,-0.0224013942347024,NA,NA
2013-03-01,030,Monterrey,948101.798420666,-0.0176277474395864,NA,NA
2013-03-01,031,Oaxaca,76396.9889086721,-0.0187651426319748,NA,NA
2013-03-01,032,Tehuantepec,34136.8776234147,-0.0278096870660025,NA,NA
2013-03-01,033,Puebla,325942.441628625,-0.0214234242174813,NA,NA
2013-03-01,034,Tehuacán,26540.9929209241,-0.0278730582351349,NA,NA
2013-03-01,035,Querétaro,237663.184329802,0.00425602916597367,NA,NA
2013-03-01,036,Cancún,153472.357846335,-0.00391464378782136,NA,NA
2013-03-01,037,San Luis,196276.767144054,-0.0244195695451285,NA,NA
2013-03-01,038,Cd. Fernández,8762.5903026497,-0.0421438330403232,NA,NA
2013-03-01,039,Guaymas,30052.0352031357,-0.0443912306811636,NA,NA
2013-03-01,040,Villahermosa,211009.497603479,-0.0245876508758219,NA,NA
2013-03-01,041,Tampico,93843.7524053845,0.0273759059760157,NA,NA
2013-03-01,042,Reynosa,141028.495647843,0.0267506685390979,NA,NA
2013-03-01,043,Matamoros,75615.3805682137,0.0293957599069907,NA,NA
2013-03-01,044,Nuevo Laredo,110355.125131116,0.0142526661972482,NA,NA
2013-03-01,045,Tlaxcala,44580.3659884764,-0.0633560898979282,NA,NA
2013-03-01,046,Veracruz,169710.68452337,-0.0144684202956802,NA,NA
2013-03-01,047,Xalapa,78754.197003719,-0.014108794649375,NA,NA
2013-03-01,048,Poza Rica,58519.3432141557,-0.0203374596692837,NA,NA
2013-03-01,049,Orizaba,61915.721848118,-0.00451837475236938,NA,NA
2013-03-01,050,Minatitlán,90994.7944733767,-0.0180927463242305,NA,NA
2013-03-01,051,Coatzacoalcos,128827.649700981,-0.0109212947457044,NA,NA
2013-03-01,052,Córdoba,23729.8241305125,-0.0118749211728043,NA,NA
2013-03-01,053,Mérida,176774.543409836,-0.0243092787159263,NA,NA
2013-03-01,054,Zacatecas,45275.0066255586,-0.0330814702399491,NA,NA
2013-03-01,055,Ensenada,50090.0799530033,-0.0384765657562364,NA,NA
2013-03-01,056,La Paz,54559.9094078442,-0.0342435580218552,NA,NA
2013-03-01,057,Los Cabos,38965.4213007247,0.00379494422064686,NA,NA
2013-03-01,058,Campeche,282793.613850637,-0.00995919388934241,NA,NA
2013-03-01,059,Cd. del Carmen,229866.072937954,-0.014001552100507,NA,NA
2013-03-01,060,Manzanillo,31804.9955455161,-0.0197182158307755,NA,NA
2013-03-01,061,Tapachula,21029.9577794123,-0.01910311167607,NA,NA
2013-03-01,062,Durango,60146.4272491689,-0.0299543321822489,NA,NA
2013-03-01,063,Celaya,78407.1367284526,-0.019561577679672,NA,NA
2013-03-01,064,Guanajuato,20259.5634024043,-0.0243342696879695,NA,NA
2013-03-01,065,Irapuato,60616.4787275439,-0.0170232795990881,NA,NA
2013-03-01,066,Salamanca,42720.0694414778,-0.0275099735097776,NA,NA
2013-03-01,067,Uruapan,32036.1049796304,-0.0192518886874097,NA,NA
2013-03-01,068,San Juan del Río,40213.4625741451,0.00444012505212954,NA,NA
2013-03-01,069,Los Mochis,46500.1109591198,-0.113726346895341,NA,NA
2013-03-01,070,Culiacán,114581.990917663,-0.048318273090983,NA,NA
2013-03-01,071,Mazatlán,69011.1871399351,-0.0504099020196761,NA,NA
2013-03-01,072,Cd. Obregón,51532.6226792914,-0.0787782993453648,NA,NA
2013-03-01,073,Hermosillo,168390.957331334,0.0255490647613399,NA,NA
2013-03-01,074,Cárdenas,52802.4377012222,-0.0282337920397592,NA,NA
2013-03-01,075,Cd. Victoria,32708.9016888764,0.0322600697593833,NA,NA
2013-03-01,076,Chetumal,19331.0434409883,-0.0127936812915704,NA,NA
2013-03-01,077,Chilpancingo,22106.4745124283,-0.0565771914193699,NA,NA
2013-03-01,078,Moroleón,8378.33478397751,-0.0531970457747719,NA,NA
2013-06-01,001,Aguascalientes,149863.918932018,0.0301401009472535,NA,NA
2013-06-01,002,Tijuana,166614.7267317,0.0412334922223043,NA,NA
2013-06-01,003,Mexicali,217722.279087419,0.0170787247899209,NA,NA
2013-06-01,004,La Laguna,256895.183377348,0.0226455041243883,NA,NA
2013-06-01,005,Saltillo,141780.878457248,0.0305042667528612,NA,NA
2013-06-01,006,Monclova,65374.3634290769,0.0166083150266714,NA,NA
2013-06-01,007,Piedras Negras,46790.1731556019,0.115018087927698,NA,NA
2013-06-01,008,Colima,47284.7563912526,0.00496301839023783,NA,NA
2013-06-01,009,Tecomán,10659.4939859305,0.0240209037428534,NA,NA
2013-06-01,010,Tuxtla,98072.832421103,0.00910054225350199,NA,NA
2013-06-01,011,Juárez,205945.614545602,0.0457334654426422,NA,NA
2013-06-01,012,Chihuahua,121275.282193161,0.0617126700563193,NA,NA
2013-06-01,013,ZMVM,3583386.24629713,0.0249263674789475,NA,NA
2013-06-01,014,León,204551.420602529,0.0371117282935167,NA,NA
2013-06-01,015,San Francisco,21406.0705006572,0.0208616044221008,NA,NA
2013-06-01,016,Acapulco,99611.6657407608,-0.00776660882898239,NA,NA
2013-06-01,017,Pachuca,72995.4025503271,0.000271701573637539,NA,NA
2013-06-01,018,Tulancingo,22388.6559269362,0.0201626108515824,NA,NA
2013-06-01,019,Tula,46817.4386547784,0.0486403678039125,NA,NA
2013-06-01,020,Guadalajara,693984.747815129,0.0250477591101155,NA,NA
2013-06-01,021,Puerto Vallarta,55868.0963073961,-0.0435438032163071,NA,NA
2013-06-01,022,Ocotlán,12865.0434552611,0.0501534002917603,NA,NA
2013-06-01,023,Toluca,197574.698615187,0.0220607000944608,NA,NA
2013-06-01,024,Morelia,99395.715853199,0.00623948400341723,NA,NA
2013-06-01,025,Zamora,20341.3211304218,0.011076799242898,NA,NA
2013-06-01,026,Pénjamo,24623.4207002977,0.00164992941847486,NA,NA
2013-06-01,027,Cuernavaca,95225.6385434004,0.0112711941940993,NA,NA
2013-06-01,028,Cuautla,52891.9664294071,0.0244016222310128,NA,NA
2013-06-01,029,Tepic,54521.6271063818,-0.00428898860078342,NA,NA
2013-06-01,030,Monterrey,978647.020647573,0.032217238990359,NA,NA
2013-06-01,031,Oaxaca,77530.8164557772,0.0148412596268752,NA,NA
2013-06-01,032,Tehuantepec,34828.4439959857,0.0202586299836831,NA,NA
2013-06-01,033,Puebla,333288.934317947,0.022539233162193,NA,NA
2013-06-01,034,Tehuacán,26751.8379905992,0.00794412892928631,NA,NA
2013-06-01,035,Querétaro,241164.902459626,0.0147339527562906,NA,NA
2013-06-01,036,Cancún,153489.919693523,0.000114430034404034,NA,NA
2013-06-01,037,San Luis,201426.591909741,0.0262375666800527,NA,NA
2013-06-01,038,Cd. Fernández,8946.83733570132,0.0210265488500483,NA,NA
2013-06-01,039,Guaymas,32135.8546081703,0.0693403754836943,NA,NA
2013-06-01,040,Villahermosa,211745.942759376,0.0034901043045954,NA,NA
2013-06-01,041,Tampico,93917.7228632881,0.000788229967447096,NA,NA
2013-06-01,042,Reynosa,138476.87866933,-0.018092917795032,NA,NA
2013-06-01,043,Matamoros,76941.9334983907,0.0175434272790613,NA,NA
2013-06-01,044,Nuevo Laredo,106225.843293411,-0.0374181247386381,NA,NA
2013-06-01,045,Tlaxcala,44984.5703380517,0.00906686925091216,NA,NA
2013-06-01,046,Veracruz,169282.878203658,-0.00252079779722647,NA,NA
2013-06-01,047,Xalapa,78176.2788493511,-0.00733825213582628,NA,NA
2013-06-01,048,Poza Rica,57597.8603914794,-0.0157466364464144,NA,NA
2013-06-01,049,Orizaba,62208.4162450919,0.00472730331226501,NA,NA
2013-06-01,050,Minatitlán,91029.687710888,0.000383464105976561,NA,NA
2013-06-01,051,Coatzacoalcos,129456.814050926,0.00488376797532042,NA,NA
2013-06-01,052,Córdoba,23701.4180302272,-0.00119706324535196,NA,NA
2013-06-01,053,Mérida,179327.503053994,0.0144418964117405,NA,NA
2013-06-01,054,Zacatecas,47312.0688180878,0.0449930843605724,NA,NA
2013-06-01,055,Ensenada,51322.7739429214,0.0246095432683411,NA,NA
2013-06-01,056,La Paz,55312.0817734712,0.0137861732871372,NA,NA
2013-06-01,057,Los Cabos,39034.1119379479,0.00176286140198778,NA,NA
2013-06-01,058,Campeche,281532.979490257,-0.00445778935108809,NA,NA
2013-06-01,059,Cd. del Carmen,228197.299253793,-0.00725976505724502,NA,NA
2013-06-01,060,Manzanillo,32057.955271103,0.00795345892203958,NA,NA
2013-06-01,061,Tapachula,20891.8428686883,-0.00656753152682066,NA,NA
2013-06-01,062,Durango,60905.8630588559,0.0126264492243382,NA,NA
2013-06-01,063,Celaya,81115.6404740251,0.0345440971139259,NA,NA
2013-06-01,064,Guanajuato,20916.4280728201,0.0324224494560386,NA,NA
2013-06-01,065,Irapuato,62351.6420355757,0.0286252739264348,NA,NA
2013-06-01,066,Salamanca,44263.6165632555,0.0361316622832808,NA,NA
2013-06-01,067,Uruapan,32286.2008274007,0.00780668710910293,NA,NA
2013-06-01,068,San Juan del Río,41495.8502123385,0.0318895105296875,NA,NA
2013-06-01,069,Los Mochis,47596.071846377,0.0235689950981115,NA,NA
2013-06-01,070,Culiacán,112194.872553927,-0.0208332770675224,NA,NA
2013-06-01,071,Mazatlán,71109.8955224689,0.0304111328831114,NA,NA
2013-06-01,072,Cd. Obregón,50669.7672732668,-0.0167438674991283,NA,NA
2013-06-01,073,Hermosillo,177024.767732589,0.0512724111679363,NA,NA
2013-06-01,074,Cárdenas,52965.3938498938,0.00308614821144593,NA,NA
2013-06-01,075,Cd. Victoria,32343.0904933863,-0.0111838422142578,NA,NA
2013-06-01,076,Chetumal,19130.3109982234,-0.0103839424590643,NA,NA
2013-06-01,077,Chilpancingo,21987.3605646118,-0.00538819284592718,NA,NA
2013-06-01,078,Moroleón,8773.97397725709,0.0472216978051756,NA,NA
2013-09-01,001,Aguascalientes,150635.459665857,0.00514827544440122,0.0415078279182721,NA
2013-09-01,002,Tijuana,164438.854277874,-0.0130593045195241,0.014556658700007,NA
2013-09-01,003,Mexicali,213513.812439019,-0.0193295177050302,0.00384938585064809,NA
2013-09-01,004,La Laguna,254542.216010235,-0.00915925061801326,0.0186928555763384,NA
2013-09-01,005,Saltillo,141444.838330757,-0.00237013714505918,0.0283846749728782,NA
2013-09-01,006,Monclova,65553.3873440076,0.0027384421895722,-0.0147654278443344,NA
2013-09-01,007,Piedras Negras,44278.078335511,-0.0536885130075676,0.0507231936291122,NA
2013-09-01,008,Colima,47189.6767980507,-0.00201078741772909,0.0108284708053128,NA
2013-09-01,009,Tecomán,10747.3386704277,0.00824098072696144,0.0463773382451698,NA
2013-09-01,010,Tuxtla,97637.0196660874,-0.0044437663750172,-0.00399349077720268,NA
2013-09-01,011,Juárez,201216.11635955,-0.0229647919257073,0.0255229066325191,NA
2013-09-01,012,Chihuahua,118315.277463018,-0.0244073209034403,0.0382642348871758,NA
2013-09-01,013,ZMVM,3553312.65013849,-0.00839250755893739,0.0144471677241622,NA
2013-09-01,014,León,205114.576995503,0.00275312873073741,0.0489207496751918,NA
2013-09-01,015,San Francisco,21173.5262535828,-0.0108634719794695,-0.0301373438556909,NA
2013-09-01,016,Acapulco,98336.4849309355,-0.0128015207891815,0.00434209118918716,NA
2013-09-01,017,Pachuca,72926.2325385297,-0.000947594086486925,0.0124948401481488,NA
2013-09-01,018,Tulancingo,22307.8748917867,-0.00360812348062134,0.0173083262157414,NA
2013-09-01,019,Tula,47656.1946544996,0.0179154610722303,0.0779715181388105,NA
2013-09-01,020,Guadalajara,693580.522013029,-0.000582470729180828,0.0223394709241336,NA
2013-09-01,021,Puerto Vallarta,55183.8128511402,-0.0122481971193504,0.0232380919184982,NA
2013-09-01,022,Ocotlán,12859.4345642361,-0.000435979174456258,0.0656981434896065,NA
2013-09-01,023,Toluca,195164.045767952,-0.0122012224446336,0.0144952061699708,NA
2013-09-01,024,Morelia,99357.7163835388,-0.000382304904532726,-0.00327432258782878,NA
2013-09-01,025,Zamora,20531.3084538285,0.00933996971920559,0.0425127886160039,NA
2013-09-01,026,Pénjamo,24349.359405382,-0.0111301065051603,-0.0085847606606454,NA
2013-09-01,027,Cuernavaca,94033.092490283,-0.0125233715558005,0.0175777941109907,NA
2013-09-01,028,Cuautla,52129.3373054428,-0.0144186192241912,0.0459897146842725,NA
2013-09-01,029,Tepic,53997.5933487079,-0.00961148420335012,-0.00644498763800272,NA
2013-09-01,030,Monterrey,979599.353438896,0.000973111623731926,0.043473543661078,NA
2013-09-01,031,Oaxaca,77327.421257871,-0.00262341101518315,0.0341003806020017,NA
2013-09-01,032,Tehuantepec,34934.3525616368,0.00304086411851423,0.0426394013866709,NA
2013-09-01,033,Puebla,331154.58335629,-0.00640390586631878,0.0219461751163841,NA
2013-09-01,034,Tehuacán,26560.203565742,-0.00716341153548328,0.0126183276648859,NA
2013-09-01,035,Querétaro,243006.331716438,0.00763556072227289,0.055769345413788,NA
2013-09-01,036,Cancún,154693.01477082,0.00783826768362728,0.0201622340439263,NA
2013-09-01,037,San Luis,199462.478470629,-0.00975101360992114,0.0248137249385381,NA
2013-09-01,038,Cd. Fernández,9050.37400466311,0.0115724322547632,0.0206917286158192,NA
2013-09-01,039,Guaymas,32265.6832830322,0.0040399944686349,0.0996527746224241,NA
2013-09-01,040,Villahermosa,209830.111451058,-0.00904778284462593,-0.00986950033098499,NA
2013-09-01,041,Tampico,94293.1259522216,0.00399714854117472,0.0329840802093957,NA
2013-09-01,042,Reynosa,140308.745769166,0.0132286856653547,0.00127882342904062,NA
2013-09-01,043,Matamoros,78413.92487572,0.0191311981698514,0.0540122497600868,NA
2013-09-01,044,Nuevo Laredo,105836.49200317,-0.00366531606782505,-0.0485217604626048,NA
2013-09-01,045,Tlaxcala,44533.7010624728,-0.0100227538507244,-0.0163545272169365,NA
2013-09-01,046,Veracruz,168111.153767529,-0.00692169490832273,-0.0246988363002656,NA
2013-09-01,047,Xalapa,77538.3171011815,-0.00816055403965965,-0.0272762636610656,NA
2013-09-01,048,Poza Rica,56407.3991340702,-0.0206684979149909,-0.0578290981379148,NA
2013-09-01,049,Orizaba,61852.5108993147,-0.00572117676770689,0.00451193542342687,NA
2013-09-01,050,Minatitlán,90417.8920533964,-0.00672083660700507,-0.0187128364216612,NA
2013-09-01,051,Coatzacoalcos,128715.716165002,-0.00572467267449184,-0.00854657420030258,NA
2013-09-01,052,Córdoba,23507.0674678272,-0.00819995504708293,-0.0144865921339956,NA
2013-09-01,053,Mérida,176014.25872548,-0.0184759407903865,0.008741414960034,NA
2013-09-01,054,Zacatecas,46834.0518568745,-0.0101034888804216,0.0303690764530029,NA
2013-09-01,055,Ensenada,50933.279982353,-0.00758910578375094,0.00778360357928354,NA
2013-09-01,056,La Paz,55096.6773546574,-0.00389434662206445,0.019413828585658,NA
2013-09-01,057,Los Cabos,38669.4662998139,-0.00934171728342925,0.0404149411839283,NA
2013-09-01,058,Campeche,280631.090121595,-0.00320349456143953,-0.0175792857083801,NA
2013-09-01,059,Cd. del Carmen,227960.254931473,-0.00103876918392753,-0.0245582316702562,NA
2013-09-01,060,Manzanillo,32051.5238718312,-0.000200617887740062,0.0165344397746814,NA
2013-09-01,061,Tapachula,20871.9770015756,-0.000950891084022576,0.00296777919627034,NA
2013-09-01,062,Durango,61103.5744465317,0.00324617988722564,0.0271094948689012,NA
2013-09-01,063,Celaya,81645.8459688188,0.00653641506983482,0.0754337489731483,NA
2013-09-01,064,Guanajuato,21418.5938475016,0.0240081993413619,0.0640974160518699,NA
2013-09-01,065,Irapuato,63054.9462616534,0.0112796424138513,0.0611186975486731,NA
2013-09-01,066,Salamanca,44665.312184933,0.00907507458418855,0.0593422944849695,NA
2013-09-01,067,Uruapan,31920.6080034027,-0.0113235008960154,-0.00435884849211166,NA
2013-09-01,068,San Juan del Río,42206.9555218503,0.0171367812895244,0.0631900330836128,NA
2013-09-01,069,Los Mochis,45864.0176192033,-0.0363906969626434,-0.0293542899250603,NA
2013-09-01,070,Culiacán,108544.360310161,-0.0325372466732967,-0.0116241084905825,NA
2013-09-01,071,Mazatlán,68699.1104835899,-0.0339022441414963,0.0231405432359422,NA
2013-09-01,072,Cd. Obregón,51021.351423499,0.00693873623567609,-0.0635416036793963,NA
2013-09-01,073,Hermosillo,166847.96354107,-0.0574880245395503,0.11352763170947,NA
2013-09-01,074,Cárdenas,52701.8158114589,-0.00497641987109365,-0.0117510271196529,NA
2013-09-01,075,Cd. Victoria,32227.7503289021,-0.00356614543399247,0.0170593393236909,NA
2013-09-01,076,Chetumal,18695.6200462533,-0.0227226286081014,0.0192015992888175,NA
2013-09-01,077,Chilpancingo,22381.7453872715,0.0179368879452713,0.00353814864754232,NA
2013-09-01,078,Moroleón,8899.72330235117,0.0143320832065419,0.0965914062994138,NA
2013-12-01,001,Aguascalientes,156705.729216926,0.040297746390753,0.0617382076943771,NA
2013-12-01,002,Tijuana,169325.777782326,0.0297187883357171,0.0181340931169884,NA
2013-12-01,003,Mexicali,221682.974967619,0.0382605810616239,0.000474293029852468,NA
2013-12-01,004,La Laguna,261776.74600566,0.0284217294436298,0.0153613058630802,NA
2013-12-01,005,Saltillo,146882.78555404,0.038445709913896,0.0348951052894693,NA
2013-12-01,006,Monclova,67081.1738000279,0.023305987957615,0.00517219685480352,NA
2013-12-01,007,Piedras Negras,45784.4144840346,0.0340199079352426,0.0678420293736224,NA
2013-12-01,008,Colima,48748.5850842474,0.0330349430632491,0.0226058271272847,NA
2013-12-01,009,Tecomán,11309.5232151957,0.0523091866747356,0.0767631820024939,NA
2013-12-01,010,Tuxtla,100785.509998318,0.0322468910152911,-0.000984069440415625,NA
2013-12-01,011,Juárez,217352.624135354,0.0801949071861103,0.0347555086834934,NA
2013-12-01,012,Chihuahua,126569.004658449,0.0697604516712629,0.0360013578361964,NA
2013-12-01,013,ZMVM,3745910.0861476,0.0542022205677883,0.0159290289716452,NA
2013-12-01,014,León,214370.133392697,0.0451238353351966,0.055530873905183,NA
2013-12-01,015,San Francisco,21797.8024289833,0.0294838076531967,0.0108149231994199,NA
2013-12-01,016,Acapulco,102609.823168495,0.0434562842119195,0.00468125412331122,NA
2013-12-01,017,Pachuca,76560.1091113553,0.0498294844849643,0.00599772696012901,NA
2013-12-01,018,Tulancingo,23087.0764764681,0.0349294403192273,-0.017696105694151,NA
2013-12-01,019,Tula,50274.2216314061,0.0549357118394946,0.068220972758152,NA
2013-12-01,020,Guadalajara,723414.916200735,0.0430150404182565,0.0227650689637218,NA
2013-12-01,021,Puerto Vallarta,58034.4051148136,0.0516563121755091,0.0255952632930219,NA
2013-12-01,022,Ocotlán,13632.6832794559,0.0601308487832215,0.0698172088467846,NA
2013-12-01,023,Toluca,201519.090441982,0.0325625790807087,0.0120006792804128,NA
2013-12-01,024,Morelia,102402.80108116,0.0306476920812742,0.0132638427692291,NA
2013-12-01,025,Zamora,21347.5906211847,0.0397579223551112,0.0659254042704778,NA
2013-12-01,026,Pénjamo,25448.9826824047,0.0451602548845567,0.00649067593765174,NA
2013-12-01,027,Cuernavaca,97267.2389416875,0.0343937050856722,0.0163935992850288,NA
2013-12-01,028,Cuautla,54350.5798889823,0.0426102210071171,0.0406045252518299,NA
2013-12-01,029,Tepic,55776.1316888919,0.0329373631283607,-0.00419691789179044,NA
2013-12-01,030,Monterrey,1007637.21459176,0.028621763636772,0.0440596589006861,NA
2013-12-01,031,Oaxaca,80059.8593559902,0.0353359526759218,0.0282803785629544,NA
2013-12-01,032,Tehuantepec,36425.9196792738,0.0426962862702358,0.0373803557127879,NA
2013-12-01,033,Puebla,337897.299536435,0.0203612346590756,0.0144686303947887,NA
2013-12-01,034,Tehuacán,27431.7377751517,0.0328135365097064,0.00475258895195196,NA
2013-12-01,035,Querétaro,246970.034772031,0.0163111101986351,0.0435825268543357,NA
2013-12-01,036,Cancún,157113.928257127,0.0156497918790561,0.0197203287291001,NA
2013-12-01,037,San Luis,202469.035491629,0.0150732962111606,0.00635868255225791,NA
2013-12-01,038,Cd. Fernández,9334.02255770869,0.0313410863351542,0.0203205628292886,NA
2013-12-01,039,Guaymas,36743.5806459887,0.138782040463138,0.168389682899647,NA
2013-12-01,040,Villahermosa,214372.534759221,0.0216481003453195,-0.00904167778205334,NA
2013-12-01,041,Tampico,94127.2259182784,-0.00175940751001591,0.0304792969814336,NA
2013-12-01,042,Reynosa,138338.705543865,-0.0140407514478225,0.00716779080362584,NA
2013-12-01,043,Matamoros,78376.8993904824,-0.000472179976914289,0.0669899073566922,NA
2013-12-01,044,Nuevo Laredo,103829.014884127,-0.018967721634071,-0.0457275541145938,NA
2013-12-01,045,Tlaxcala,47003.7335613642,0.0554643436310489,-0.0124405707280997,NA
2013-12-01,046,Veracruz,167764.267341303,-0.00206343492654981,-0.0257715130007375,NA
2013-12-01,047,Xalapa,77691.7151296391,0.00197835127447266,-0.0274095655968627,NA
2013-12-01,048,Poza Rica,56023.9535114681,-0.00679778944763476,-0.0621123614535315,NA
2013-12-01,049,Orizaba,61726.9193926942,-0.00203049972902281,-0.00755394261083819,NA
2013-12-01,050,Minatitlán,89796.3412142023,-0.0068742018319452,-0.031025023991158,NA
2013-12-01,051,Coatzacoalcos,128249.753440842,-0.00362009192073443,-0.0153581131311707,NA
2013-12-01,052,Córdoba,23363.2079268042,-0.00611984209514504,-0.0271410547604861,NA
2013-12-01,053,Mérida,184055.876232223,0.0456873071816557,0.01587936347399,NA
2013-12-01,054,Zacatecas,48312.152148888,0.03156037612399,0.0317815193642783,NA
2013-12-01,055,Ensenada,52349.5906343079,0.0278071754351101,0.00489674233264825,NA
2013-12-01,056,La Paz,56580.1676859028,0.0269252231254564,0.00151671848282442,NA
2013-12-01,057,Los Cabos,40275.2557043268,0.0415260296602713,0.037537814391478,NA
2013-12-01,058,Campeche,280692.31483242,0.000218167954232129,-0.0173156958468904,NA
2013-12-01,059,Cd. del Carmen,229261.910677358,0.0057100118012956,-0.0165930743883056,NA
2013-12-01,060,Manzanillo,33099.4221857339,0.0326941807226713,0.0201781222942519,NA
2013-12-01,061,Tapachula,21564.5561101115,0.0331822475888903,0.00583207100886352,NA
2013-12-01,062,Durango,63809.1317430226,0.0442782164709261,0.0291180149089647,NA
2013-12-01,063,Celaya,85916.6143934808,0.0523084594688752,0.0743403391808921,NA
2013-12-01,064,Guanajuato,22241.8242794611,0.0384353164274365,0.0711280049853893,NA
2013-12-01,065,Irapuato,66755.9121710966,0.0586942996364719,0.0825357887953102,NA
2013-12-01,066,Salamanca,46920.2196167997,0.0504845331099542,0.0681032642181538,NA
2013-12-01,067,Uruapan,32830.9847438345,0.0285200313331979,0.00508243122942975,NA
2013-12-01,068,San Juan del Río,43477.0664824606,0.0300924562055385,0.0859574704372705,NA
2013-12-01,069,Los Mochis,49879.2482184359,0.0875464210870058,-0.0493213323398061,NA
2013-12-01,070,Culiacán,119991.197577537,0.105457687849163,-0.00339111574235917,NA
2013-12-01,071,Mazatlán,73350.1930206904,0.0677022235711702,0.00929457764807529,NA
2013-12-01,072,Cd. Obregón,51460.5995885074,0.00860910486988908,-0.0800658184105467,NA
2013-12-01,073,Hermosillo,168709.070613194,0.0111545087672955,0.0274864655806568,NA
2013-12-01,074,Cárdenas,53729.5373837592,0.0195006861998255,-0.011171622524066,NA
2013-12-01,075,Cd. Victoria,32345.7052944387,0.00366004342011861,0.0207979565088441,NA
2013-12-01,076,Chetumal,20152.393342691,0.0779205660381255,0.0291513805622701,NA
2013-12-01,077,Chilpancingo,23625.5655678388,0.0555729751654945,0.0082520127660064,NA
2013-12-01,078,Moroleón,9999.80006448576,0.123607973502273,0.130038424917415,NA
2014-03-01,001,Aguascalientes,158684.07846768,0.0126246134116434,0.0907684369682769,NA
2014-03-01,002,Tijuana,163553.049835285,-0.0340924342568879,0.0221000063087573,NA
2014-03-01,003,Mexicali,215018.189089563,-0.0300644913260896,0.00444670376632916,NA
2014-03-01,004,La Laguna,257424.949408007,-0.0166240762942271,0.0247543908787775,NA
2014-03-01,005,Saltillo,144943.529352728,-0.0132027466254561,0.0534913245106183,NA
2014-03-01,006,Monclova,67171.369965532,0.00134458239763435,0.0445527827246159,NA
2014-03-01,007,Piedras Negras,41482.9952240365,-0.0939494216202772,-0.0114528992573038,NA
2014-03-01,008,Colima,48773.3166480166,0.000507328853267319,0.0366000220011953,NA
2014-03-01,009,Tecomán,11415.9094289441,0.00940678149945673,0.096687132231956,NA
2014-03-01,010,Tuxtla,97632.1188102135,-0.031288140409834,0.00456590883109254,NA
2014-03-01,011,Juárez,204859.115292818,-0.0574803680987764,0.0402165301521258,NA
2014-03-01,012,Chihuahua,121170.207775589,-0.0426549683109918,0.0607927889526159,NA
2014-03-01,013,ZMVM,3551670.0492217,-0.0518538973063466,0.0158548456209966,NA
2014-03-01,014,León,208600.18544295,-0.02691582012116,0.0576396791077132,NA
2014-03-01,015,San Francisco,21401.0589311653,-0.0182010777972061,0.0206226012443778,NA
2014-03-01,016,Acapulco,95634.1020572969,-0.0679829756625118,-0.047387184118962,NA
2014-03-01,017,Pachuca,74711.6213388701,-0.0241442677386542,0.0237894167709061,NA
2014-03-01,018,Tulancingo,21351.6186036322,-0.0751701010998423,-0.0270910834632911,NA
2014-03-01,019,Tula,47237.1258274177,-0.0604105982237853,0.0580407306542645,NA
2014-03-01,020,Guadalajara,691942.538137806,-0.0435052932392065,0.022031320406003,NA
2014-03-01,021,Puerto Vallarta,57743.6600564998,-0.0050098740176383,-0.0114343402336632,NA
2014-03-01,022,Ocotlán,12817.3990207528,-0.0598036528826088,0.0462642595299863,NA
2014-03-01,023,Toluca,198396.688374557,-0.0154943239401141,0.0263128813444897,NA
2014-03-01,024,Morelia,102209.155842593,-0.00189101505547062,0.0347215405880672,NA
2014-03-01,025,Zamora,21696.5454077628,0.0163463311982301,0.0784389836263388,NA
2014-03-01,026,Pénjamo,25293.2117000319,-0.0061209119561596,0.0288961888141404,NA
2014-03-01,027,Cuernavaca,95115.4496959902,-0.0221224460477111,0.010101017663789,NA
2014-03-01,028,Cuautla,53156.517725768,-0.021969630602899,0.0295254018037969,NA
2014-03-01,029,Tepic,54950.3522406196,-0.0148052477514625,0.00354068119595996,NA
2014-03-01,030,Monterrey,989266.833000694,-0.0182311464136504,0.0434183698929802,NA
2014-03-01,031,Oaxaca,78804.1800186331,-0.0156842560985985,0.0315089788792409,NA
2014-03-01,032,Tehuantepec,35516.3760063613,-0.0249696831520232,0.0404107955673243,NA
2014-03-01,033,Puebla,329492.456865649,-0.0248739563243536,0.0108915402955365,NA
2014-03-01,034,Tehuacán,26488.6032616241,-0.0343811435228085,-0.00197391482135034,NA
2014-03-01,035,Querétaro,247816.573219984,0.00342769700273493,0.0427217573424958,NA
2014-03-01,036,Cancún,145543.530566254,-0.0736433607078845,-0.0516629013285849,NA
2014-03-01,037,San Luis,196672.101598536,-0.028631212071603,0.00201416836151336,NA
2014-03-01,038,Cd. Fernández,8892.87723512254,-0.0472620801866204,0.0148685409191669,NA
2014-03-01,039,Guaymas,36464.1720830527,-0.0076042823814062,0.213367808089348,NA
2014-03-01,040,Villahermosa,209699.065513223,-0.0218006903321211,-0.00621029908672188,NA
2014-03-01,041,Tampico,96246.5596874473,0.0225156297606071,0.0256043393457162,NA
2014-03-01,042,Reynosa,144052.889497095,0.0413057497593661,0.0214452677479,NA
2014-03-01,043,Matamoros,81283.6068743944,0.0370862780553551,0.0749612878171961,NA
2014-03-01,044,Nuevo Laredo,106590.783402703,0.026599197937665,-0.0341111636087609,NA
2014-03-01,045,Tlaxcala,44291.0928171214,-0.0577111760856481,-0.00648880207555302,NA
2014-03-01,046,Veracruz,163187.064076765,-0.0272835409892485,-0.0384396566717438,NA
2014-03-01,047,Xalapa,81787.1447354281,0.0527138524224271,0.038511569504873,NA
2014-03-01,048,Poza Rica,53403.1564101471,-0.0467799385272676,-0.0874272765722186,NA
2014-03-01,049,Orizaba,61539.1307546455,-0.00304224866389413,-0.00608231774146695,NA
2014-03-01,050,Minatitlán,88234.9275960866,-0.0173883879565997,-0.0303299424243177,NA
2014-03-01,051,Coatzacoalcos,122944.232455663,-0.0413686642105424,-0.0456689015050269,NA
2014-03-01,052,Córdoba,23221.0919734657,-0.00608289554173203,-0.021438513587325,NA
2014-03-01,053,Mérida,179538.26582209,-0.0245447768504454,0.0156341651854588,NA
2014-03-01,054,Zacatecas,46154.3945777023,-0.0446628327493234,0.0194232539691617,NA
2014-03-01,055,Ensenada,50220.2064792625,-0.0406762331709601,0.00259785024063208,NA
2014-03-01,056,La Paz,51418.6170076542,-0.0912254397495298,-0.057575102933334,NA
2014-03-01,057,Los Cabos,41693.7690167151,0.0352204669487899,0.070019715555846,NA
2014-03-01,058,Campeche,277580.732173028,-0.0110853860079864,-0.0184335197907337,NA
2014-03-01,059,Cd. del Carmen,227846.39875336,-0.00617421323854461,-0.00878630830022353,NA
2014-03-01,060,Manzanillo,32911.7121640084,-0.0056710966334157,0.0347969430433808,NA
2014-03-01,061,Tapachula,21188.5136260835,-0.0174379886192845,0.00753952282426607,NA
2014-03-01,062,Durango,62447.3517021411,-0.0213414601277728,0.0382553803809504,NA
2014-03-01,063,Celaya,84108.1899779905,-0.0210485996015636,0.0727108970868606,NA
2014-03-01,064,Guanajuato,21750.4013224189,-0.0220945436339961,0.073586873043755,NA
2014-03-01,065,Irapuato,66164.4372935529,-0.00886026208476876,0.0915255831825157,NA
2014-03-01,066,Salamanca,45863.5873585727,-0.022519763693704,0.0735841012946203,NA
2014-03-01,067,Uruapan,32765.743925491,-0.00198717214401423,0.0227755198806014,NA
2014-03-01,068,San Juan del Río,43558.2797894257,0.00186795737467316,0.0831765533523363,NA
2014-03-01,069,Los Mochis,43277.6834608034,-0.132350927358052,-0.0692993507294932,NA
2014-03-01,070,Culiacán,121467.505089378,0.0123034651011571,0.0600924640649934,NA
2014-03-01,071,Mazatlán,67552.7706731072,-0.0790375881621458,-0.0211330441812377,NA
2014-03-01,072,Cd. Obregón,46663.9119221257,-0.0932108779286935,-0.0944782257147223,NA
2014-03-01,073,Hermosillo,157172.381603798,-0.0683821502155444,-0.0666221981591475,NA
2014-03-01,074,Cárdenas,49846.3129512046,-0.0722735504833945,-0.0559846264436606,NA
2014-03-01,075,Cd. Victoria,33411.9883871564,0.0329652138672347,0.0214952707665841,NA
2014-03-01,076,Chetumal,26729.3062842373,0.32635890088616,0.38271409744816,NA
2014-03-01,077,Chilpancingo,26857.7694937637,0.136809589452744,0.214927756963877,NA
2014-03-01,078,Moroleón,9582.36982151286,-0.0417438589052802,0.143708155448491,NA
2014-06-01,001,Aguascalientes,165495.668267916,0.0429254772502174,0.104306289647938,0.074580190557216
2014-06-01,002,Tijuana,170363.355968532,0.0416397379327711,0.0224987869341717,0.0193223862649811
2014-06-01,003,Mexicali,221206.397705427,0.0287799308610406,0.0160025819709924,0.00619324115445552
2014-06-01,004,La Laguna,260643.743340634,0.0125038149566674,0.0145917876466362,0.018350084991208
2014-06-01,005,Saltillo,147913.870750956,0.0204930941829007,0.0432568366090156,0.0400069853454953
2014-06-01,006,Monclova,68369.0836683917,0.0178307172158956,0.045808786231069,0.0201920844915385
2014-06-01,007,Piedras Negras,42301.796868665,0.0197382479304207,-0.0959256182278001,0.00279667637940767
2014-06-01,008,Colima,48994.6324691468,0.00453764140600343,0.0361612538245091,0.0265488934395754
2014-06-01,009,Tecomán,11529.5525678618,0.00995480383101266,0.0816228784480522,0.075362632731918
2014-06-01,010,Tuxtla,98990.6256532188,0.0139145484043637,0.00935828209972556,0.00223665767829995
2014-06-01,011,Juárez,212797.626969486,0.0387510785903815,0.033270980006072,0.0334414813685526
2014-06-01,012,Chihuahua,127725.640709883,0.0541010290783259,0.0531877427953318,0.04706153111783
2014-06-01,013,ZMVM,3644419.76030095,0.0261143940157333,0.0170323570524653,0.0158158498423173
2014-06-01,014,León,215476.513412841,0.0329641508001994,0.0534100070199002,0.053875327426997
2014-06-01,015,San Francisco,21901.1440107362,0.0233673053833181,0.0231277155731959,0.00610697404032567
2014-06-01,016,Acapulco,94789.3278333047,-0.00883339944454209,-0.0484113770369654,-0.0216938039608573
2014-06-01,017,Pachuca,75675.2779945399,0.0128983501950641,0.0367129346586605,0.0197487296344611
2014-06-01,018,Tulancingo,22133.7419475673,0.0366306348223171,-0.0113858545238639,-0.00971617936639116
2014-06-01,019,Tula,49226.6598301039,0.0421180156039762,0.0514599099085813,0.0639232828649521
2014-06-01,020,Guadalajara,711688.319524939,0.0285367357819537,0.0255100299618196,0.0231614725639195
2014-06-01,021,Puerto Vallarta,55087.7958246122,-0.0459940403723798,-0.0139668349981095,0.00585804499493686
2014-06-01,022,Ocotlán,13013.5919642439,0.0153067672445455,0.0115466775918349,0.048331572364553
2014-06-01,023,Toluca,203689.612961663,0.0266784926223826,0.0309498857360533,0.0209396631327317
2014-06-01,024,Morelia,102732.967929454,0.00512490375781738,0.033575411652391,0.0195716181054646
2014-06-01,025,Zamora,21779.5326243139,0.00382490460999407,0.0707039373043084,0.0643952784542822
2014-06-01,026,Pénjamo,25668.9929798471,0.0148570013279374,0.0424625112926229,0.0173161538459424
2014-06-01,027,Cuernavaca,95125.4863015829,0.000105520245394342,-0.00105173610121567,0.0107551687396482
2014-06-01,028,Cuautla,53898.9909853444,0.0139676805656601,0.0190392723870698,0.0337897285317423
2014-06-01,029,Tepic,55182.2477661211,0.00422009170179716,0.0121166717649539,0.00125386185778018
2014-06-01,030,Monterrey,1018508.06803067,0.0295584912528359,0.0407307706886146,0.0429205857858397
2014-06-01,031,Oaxaca,80106.2612021995,0.0165229964103251,0.0332183364519492,0.0317770186240365
2014-06-01,032,Tehuantepec,35916.6925394797,0.0112713226441452,0.0312459707823713,0.0379191308622886
2014-06-01,033,Puebla,336103.267013416,0.0200636160555954,0.00844412281862339,0.0139376171563332
2014-06-01,034,Tehuacán,26680.2235740134,0.00723406630756096,-0.00267699051597758,0.00318000281987749
2014-06-01,035,Querétaro,253015.168068293,0.0209775915337758,0.0491376045511038,0.0478028085404308
2014-06-01,036,Cancún,146992.795707435,0.0099576060546438,-0.0423293203818275,-0.0135274147343465
2014-06-01,037,San Luis,202986.782494208,0.0321076596240497,0.00774570313519374,0.0102330697468758
2014-06-01,038,Cd. Fernández,9052.98126831898,0.018003625706662,0.0118638496079622,0.0169361704930592
2014-06-01,039,Guaymas,37954.9782815859,0.0408841367668431,0.181078852402329,0.165622279503437
2014-06-01,040,Villahermosa,211000.92789481,0.00620824121653185,-0.00351843749569358,-0.00715997867386345
2014-06-01,041,Tampico,95066.6773828571,-0.0122589556283553,0.0122336283774833,0.0253253362285072
2014-06-01,042,Reynosa,143004.488890987,-0.00727788668292451,0.0326957847776799,0.0156469166895616
2014-06-01,043,Matamoros,79494.2126149441,-0.0220142083780244,0.0331714970043837,0.0572837354845897
2014-06-01,044,Nuevo Laredo,105008.830124722,-0.0148413702149481,-0.0114568463846217,-0.0349543311426453
2014-06-01,045,Tlaxcala,44703.2711135903,0.00930612162067757,-0.00625323799577271,-0.0103842845040905
2014-06-01,046,Veracruz,162716.138429999,-0.00288580255690019,-0.0387915177443889,-0.031925380929284
2014-06-01,047,Xalapa,81545.3957494825,-0.00295583109946729,0.0430964091629868,0.00673053735248288
2014-06-01,048,Poza Rica,53785.0180183489,0.00715054378563407,-0.0661976390653313,-0.068391593807249
2014-06-01,049,Orizaba,61264.4263455094,-0.00446389810462822,-0.0151746332178492,-0.00607473953668186
2014-06-01,050,Minatitlán,87722.8659631731,-0.00580338927978263,-0.0363268493045638,-0.0290986630354252
2014-06-01,051,Coatzacoalcos,122266.277423671,-0.00551432969607935,-0.0555439022655612,-0.0312793727755153
2014-06-01,052,Córdoba,23166.9135785582,-0.00233315448598825,-0.0225515811327107,-0.0214044354036294
2014-06-01,053,Mérida,182491.534421847,0.0164492432085996,0.0176438712075355,0.0144747037067546
2014-06-01,054,Zacatecas,49367.564056924,0.0696178448145877,0.043445473643088,0.0312548308573827
2014-06-01,055,Ensenada,51387.0780074173,0.0232351001710172,0.00125293431269768,0.00413278261631539
2014-06-01,056,La Paz,52187.5857196865,0.014955064075681,-0.0564884913675995,-0.0232832618081128
2014-06-01,057,Los Cabos,41674.2024830192,-0.000469291555006857,0.0676354709764673,0.0539019855269299
2014-06-01,058,Campeche,276430.560291642,-0.00414355806464495,-0.0181236997805863,-0.0178630502816476
2014-06-01,059,Cd. del Carmen,227790.806207319,-0.000243991330758586,-0.0017813227755239,-0.0129297342835773
2014-06-01,060,Manzanillo,33489.6912028324,0.0175615001718488,0.0446608624792744,0.0290425918978971
2014-06-01,061,Tapachula,21082.6799527399,-0.00499486066890975,0.0091345261043323,0.00636847478343305
2014-06-01,062,Durango,63734.5938641458,0.0206132386229059,0.0464443103376826,0.0352318001241247
2014-06-01,063,Celaya,86522.5140746564,0.0287049822056289,0.0666563632985511,0.072285337134863
2014-06-01,064,Guanajuato,22180.6139489311,0.0197795259101161,0.0604398548217571,0.0673130372256928
2014-06-01,065,Irapuato,67670.3364488845,0.0227599480465674,0.0853015933449535,0.0801204157178631
2014-06-01,066,Salamanca,47428.5714370737,0.0341225832655778,0.0715024012847032,0.0681330153206117
2014-06-01,067,Uruapan,33227.0576830481,0.014079147984742,0.0291411448710597,0.0131600618722448
2014-06-01,068,San Juan del Río,44229.0607964201,0.0153996211566931,0.0658670823731879,0.0745477848116019
2014-06-01,069,Los Mochis,44637.5200119115,0.0314211954606969,-0.0621595799757301,-0.0525336382425224
2014-06-01,070,Culiacán,118490.471690834,-0.0245088873468954,0.0561130735620832,0.0252975783485337
2014-06-01,071,Mazatlán,69045.5876281764,0.0220985303814267,-0.0290298260055841,-0.0044319373257011
2014-06-01,072,Cd. Obregón,46576.5807175738,-0.00187149342938997,-0.0807816332294964,-0.0797168202585404
2014-06-01,073,Hermosillo,165958.80365557,0.0559030916380769,-0.0625108238737279,0.00297026881431287
2014-06-01,074,Cárdenas,49953.3211087019,0.00214676173946882,-0.0568686933534056,-0.0339439923601963
2014-06-01,075,Cd. Victoria,32987.2607098301,-0.012711834818234,0.0199167799556905,0.0198173366387024
2014-06-01,076,Chetumal,26496.940410109,-0.00869329984315081,0.385076301821217,0.204035844780116
2014-06-01,077,Chilpancingo,26764.4172486327,-0.00347580036952255,0.217263762514064,0.110995420222873
2014-06-01,078,Moroleón,9925.61224606965,0.0358202021994813,0.131256175570808,0.125398540559032
2014-09-01,001,Aguascalientes,166668.939392338,0.0070894370632264,0.106438947124711,0.0908129703588257
2014-09-01,002,Tijuana,168621.513967635,-0.0102242761713336,0.0254359573844565,0.0220422109360935
2014-09-01,003,Mexicali,217028.266005535,-0.0188879333655411,0.0164600759378026,0.00934591367624416
2014-09-01,004,La Laguna,260516.305650713,-0.000488934391011497,0.0234699364770128,0.0195443552163767
2014-09-01,005,Saltillo,142919.843578539,-0.0337630754104569,0.0104281306068748,0.0355178492539945
2014-09-01,006,Monclova,67329.5889719071,-0.0152041630618667,0.0270954972712318,0.0306573157704301
2014-09-01,007,Piedras Negras,41971.4005713478,-0.00781045538899805,-0.052095254601717,-0.0229079356782996
2014-09-01,008,Colima,49156.0390671655,0.00329437307485447,0.0416693311448162,0.0342591085244513
2014-09-01,009,Tecomán,11439.1827261427,-0.00783810483427128,0.0643735232442859,0.079861678981697
2014-09-01,010,Tuxtla,98430.3065070995,-0.00566032533304905,0.0081248571876229,0.00526624466950634
2014-09-01,011,Juárez,208122.50435569,-0.0219698061504568,0.0343232347442728,0.035641563396491
2014-09-01,012,Chihuahua,124255.328554612,-0.027170050868277,0.0502052754214337,0.0500467912513944
2014-09-01,013,ZMVM,3640335.3375937,-0.00112073333367002,0.0244905799245729,0.01832670289242
2014-09-01,014,León,215675.595252428,0.00092391433495087,0.0514883847438916,0.054517236194172
2014-09-01,015,San Francisco,21724.5016283094,-0.00806544088930972,0.0260218996178463,0.02014678490871
2014-09-01,016,Acapulco,94814.5141509657,0.000265708368618611,-0.0358155041075887,-0.0317332027850512
2014-09-01,017,Pachuca,75851.7537024731,0.00233201268115502,0.0401161703012387,0.0266540621727336
2014-09-01,018,Tulancingo,22192.3420322885,0.00264754531159195,-0.00517901682964328,-0.0153380151277373
2014-09-01,019,Tula,48391.3170883533,-0.0169693159079563,0.015425537837908,0.0482867877897264
2014-09-01,020,Guadalajara,719410.355377481,0.0108503057317242,0.0372412900083827,0.0268869273349818
2014-09-01,021,Puerto Vallarta,54424.55122118,-0.01203977384653,-0.0137587743711788,-0.00339117157748239
2014-09-01,022,Ocotlán,12991.9026000237,-0.00166667006924481,0.0103012333183028,0.0344823448217271
2014-09-01,023,Toluca,202691.838227275,-0.00489850572093298,0.0385716151235853,0.0269587653711353
2014-09-01,024,Morelia,103135.970277803,0.00392281422868623,0.0380267787121793,0.0298968934304666
2014-09-01,025,Zamora,21371.2958929168,-0.0187440538068024,0.0409125137337061,0.0639952097337078
2014-09-01,026,Pénjamo,25227.7346711974,-0.0171903241002146,0.0360738552169559,0.0284808078153427
2014-09-01,027,Cuernavaca,93447.7463073213,-0.0176371239663635,-0.00622489559217865,0.00480449631385588
2014-09-01,028,Cuautla,52728.3938585607,-0.0217183495531839,0.01149173544271,0.0251652337213517
2014-09-01,029,Tepic,55148.4053533848,-0.000613284418563564,0.0213122832576098,0.00819317958168331
2014-09-01,030,Monterrey,1019048.58150435,0.000530691401134042,0.0402707779736398,0.0421198943639802
2014-09-01,031,Oaxaca,79571.9660466003,-0.00666983014287226,0.0290265051157494,0.0305085497524735
2014-09-01,032,Tehuantepec,35389.6076171202,-0.0146752076845648,0.0130317301481457,0.0305172130526573
2014-09-01,033,Puebla,333544.602622907,-0.00761273287595532,0.00721723142827901,0.0102553812343069
2014-09-01,034,Tehuacán,26371.5753369487,-0.0115684276860907,-0.00710191201382837,-0.00175005709980108
2014-09-01,035,Querétaro,256818.579306797,0.0150323447702432,0.0568390440397091,0.0480702331969111
2014-09-01,036,Cancún,149723.444216164,0.0185767506195591,-0.0321253714139457,-0.0265993160988145
2014-09-01,037,San Luis,202611.728346844,-0.00184767768007055,0.015788683166686,0.00797680930391276
2014-09-01,038,Cd. Fernández,9083.21371245142,0.00333950145663486,0.00362854703809923,0.0126703750986292
2014-09-01,039,Guaymas,33012.5597194984,-0.130217926234076,0.0231477024650202,0.146496011464086
2014-09-01,040,Villahermosa,210469.193246425,-0.00252005834140367,0.00304571060343584,-0.00393117594025824
2014-09-01,041,Tampico,96493.9494245493,0.0150133788303581,0.0233402323881269,0.02291437427319
2014-09-01,042,Reynosa,149409.574590227,0.0447894031083376,0.0648628763030497,0.0315429299080638
2014-09-01,043,Matamoros,77544.7596545567,-0.0245232061084765,-0.0110843223641819,0.0410095924535225
2014-09-01,044,Nuevo Laredo,106551.872549384,0.0146944063925809,0.0067592994880521,-0.0211340661549811
2014-09-01,045,Tlaxcala,44975.0694903641,0.00608005566490188,0.00991088585411171,-0.00381793123632843
2014-09-01,046,Veracruz,163287.733303197,0.0035128345517117,-0.0286918527190763,-0.0329236350339866
2014-09-01,047,Xalapa,81260.0806599598,-0.00349884977441584,0.0479990241975679,0.0255493593171413
2014-09-01,048,Poza Rica,54173.101228226,0.0072154518893095,-0.0396100146460165,-0.0638368229342745
2014-09-01,049,Orizaba,61416.9292816421,0.00248925755499041,-0.007042262494107,-0.00896328901606533
2014-09-01,050,Minatitlán,87405.6282310112,-0.00361636306199875,-0.0333149087418046,-0.032749181115461
2014-09-01,051,Coatzacoalcos,121819.526425568,-0.00365391837811879,-0.0535769053298329,-0.0425369555578979
2014-09-01,052,Córdoba,23261.8659519889,0.00409861991795757,-0.0104309700124818,-0.0203905298732509
2014-09-01,053,Mérida,184051.353201448,0.00854734870054497,0.0456616102250165,0.0237047525230002
2014-09-01,054,Zacatecas,49720.1279674412,0.00714161043292738,0.0616234555017046,0.0390684256195581
2014-09-01,055,Ensenada,51119.6487010867,-0.00520421313490504,0.00365907553564715,0.00310165060540629
2014-09-01,056,La Paz,52436.2739066238,0.00476527479682742,-0.0482860959275004,-0.0402082429364024
2014-09-01,057,Los Cabos,39280.9272689121,-0.0574282186943407,0.015812500859397,0.0477513754457971
2014-09-01,058,Campeche,273981.445515836,-0.0088597829893432,-0.0236953240030452,-0.0193920598553139
2014-09-01,059,Cd. del Carmen,225815.396621281,-0.0086720338670746,-0.00940891345658645,-0.00914240473015987
2014-09-01,060,Manzanillo,33785.5068331047,0.00883303546994885,0.0540998602190454,0.0384339470089881
2014-09-01,061,Tapachula,21017.8795538736,-0.00307363195815735,0.00699035612615528,0.00737411901590429
2014-09-01,062,Durango,63569.7799130918,-0.00258594181058636,0.0403610670717491,0.0385446931748367
2014-09-01,063,Celaya,87141.8176029494,0.00715771536364174,0.0673147735676545,0.0702555932834896
2014-09-01,064,Guanajuato,22572.9483132902,0.0176881652267344,0.0538949696701587,0.064762425630265
2014-09-01,065,Irapuato,68612.2365830301,0.0139189515461784,0.0881340901999357,0.0868742638806788
2014-09-01,066,Salamanca,48121.1405617357,0.0146023610595327,0.0773716382523888,0.0726403512624665
2014-09-01,067,Uruapan,33147.282897694,-0.00240089827137435,0.0384289326243588,0.0238570071513624
2014-09-01,068,San Juan del Río,44594.5612961388,0.00826380875237342,0.056569012021076,0.0728925295459677
2014-09-01,069,Los Mochis,44038.3353676219,-0.0134233408157479,-0.0398064178925529,-0.0551466702343956
2014-09-01,070,Culiacán,115542.790706263,-0.0248769453147477,0.0644753018591111,0.0443224309359571
2014-09-01,071,Mazatlán,68567.1416774605,-0.00692942108469485,-0.0019209681930431,-0.0106973151829474
2014-09-01,072,Cd. Obregón,46021.9937420142,-0.0119069920336665,-0.09798559900909,-0.0883278190909638
2014-09-01,073,Hermosillo,156219.314988547,-0.0586861826699863,-0.0637025968249655,-0.041337288319296
2014-09-01,074,Cárdenas,49666.104511329,-0.00574969973963957,-0.0576016452827767,-0.0454066469009772
2014-09-01,075,Cd. Victoria,33213.4660290903,0.00685735385092956,0.0305859295212465,0.0231989841880913
2014-09-01,076,Chetumal,25942.0956921752,-0.0209399541738056,0.387602851790637,0.296136157905571
2014-09-01,077,Chilpancingo,26431.3938907128,-0.0124427651394856,0.180935330706795,0.155344715737686
2014-09-01,078,Moroleón,9779.51320115829,-0.0147193987926757,0.0988558710105838,0.125964656736825
2014-12-01,001,Aguascalientes,172290.415085509,0.0337283942267022,0.0994519214227887,0.100241398790929
2014-12-01,002,Tijuana,175627.285719153,0.0415473185281867,0.0372152900719469,0.0268125101748331
2014-12-01,003,Mexicali,225314.995779985,0.0381827212047965,0.0163838509154655,0.0133233031476474
2014-12-01,004,La Laguna,271718.147824901,0.042998622087044,0.0379766421996333,0.0251981893005149
2014-12-01,005,Saltillo,142135.447091891,-0.00548836653474749,-0.0323205911723535,0.0187139251385388
2014-12-01,006,Monclova,68581.1286627829,0.0185882568122906,0.0223602954120401,0.0349543404097392
2014-12-01,007,Piedras Negras,43975.9759717733,0.0477605077061434,-0.0394989983521991,-0.049743192609755
2014-12-01,008,Colima,50554.315354649,0.0284456663722017,0.0370416960262729,0.0378680757491984
2014-12-01,009,Tecomán,11794.5206135246,0.0310632232991463,0.0428839827374188,0.0713918791654282
2014-12-01,010,Tuxtla,102481.189028886,0.0411548299048961,0.0168246311458533,0.00971841981607358
2014-12-01,011,Juárez,227321.561827156,0.092248829750071,0.0458652741436167,0.0384190047615218
2014-12-01,012,Chihuahua,136924.157323018,0.101958032027883,0.0818142853577246,0.0615000231317765
2014-12-01,013,ZMVM,3871794.56423665,0.0635818421046759,0.033605846161276,0.0227459071898277
2014-12-01,014,León,227248.751701842,0.053660018584248,0.0600765512682386,0.0556536555349359
2014-12-01,015,San Francisco,22880.893275367,0.0532298354568808,0.0496880752044775,0.0298650729099744
2014-12-01,016,Acapulco,99554.6860209559,0.0499941587259811,-0.0297743145168725,-0.0403470949450972
2014-12-01,017,Pachuca,80260.0378333998,0.0581171023180045,0.0483271087905983,0.0372364076303509
2014-12-01,018,Tulancingo,23523.236297465,0.0599708792898059,0.0188919468188808,-0.00619100199947936
2014-12-01,019,Tula,47151.3822286043,-0.0256230855937469,-0.0621161164005166,0.0157025155000593
2014-12-01,020,Guadalajara,759680.148107229,0.0559761093633657,0.050130611208508,0.0337283128961783
2014-12-01,021,Puerto Vallarta,58029.3123097412,0.0662340985396741,-8.7754928517203e-05,-0.00981192613286716
2014-12-01,022,Ocotlán,13765.805526449,0.0595680979338502,0.00976493359848707,0.0194692760096528
2014-12-01,023,Toluca,211753.874798426,0.044708443371013,0.0507881627194549,0.0366556362308958
2014-12-01,024,Morelia,106587.116865634,0.0334621042351664,0.0408613410990351,0.0367962680129181
2014-12-01,025,Zamora,21975.9291016384,0.0282918364778266,0.0294336954274441,0.0548722825229493
2014-12-01,026,Pénjamo,26110.1929910808,0.0349796892739223,0.0259817972658389,0.0333535881473895
2014-12-01,027,Cuernavaca,97350.1234811915,0.0417599923815868,0.000852132130055194,0.000919129525112472
2014-12-01,028,Cuautla,53840.0386745863,0.0210824706515325,-0.00939348237753523,0.0126657318140104
2014-12-01,029,Tepic,57654.3040676668,0.0454391871936184,0.0336734069198457,0.0176607607845923
2014-12-01,030,Monterrey,1043565.85384528,0.0240589828452846,0.0356563242536425,0.0400190607022193
2014-12-01,031,Oaxaca,81852.5095704419,0.0286601379499161,0.0223913735156669,0.0290362984906516
2014-12-01,032,Tehuantepec,36833.1786209478,0.0407908168817683,0.0111804710837751,0.0239672418954041
2014-12-01,033,Puebla,344533.480312399,0.0329457517917475,0.0196396383903259,0.0115481332331912
2014-12-01,034,Tehuacán,27346.8695514832,0.0369827817289343,-0.00309379684087452,-0.0037116535480077
2014-12-01,035,Querétaro,265207.782738575,0.0326658743087138,0.0738459950551442,0.0556361002471132
2014-12-01,036,Cancún,153772.204941817,0.0270415949008467,-0.0212694275573116,-0.0368467551704174
2014-12-01,037,San Luis,206884.562816163,0.021088781504319,0.0218084079563674,0.0118392406549401
2014-12-01,038,Cd. Fernández,9339.9339523019,0.0282631509042406,0.000633316938829287,0.00774856362601439
2014-12-01,039,Guaymas,35262.2986271177,0.0681479693406064,-0.0403140356173414,0.094320081834839
2014-12-01,040,Villahermosa,220488.36173876,0.0476039668219002,0.0285289670451891,0.00546148526655238
2014-12-01,041,Tampico,96801.3693764058,0.00318589873965958,0.0284098828159363,0.0223970207318157
2014-12-01,042,Reynosa,151368.987099098,0.013114370442757,0.0941911484859259,0.0532987693286389
2014-12-01,043,Matamoros,79371.29514611,0.0235545960770276,0.0126873576699358,0.0274339550318334
2014-12-01,044,Nuevo Laredo,106640.582397999,0.000832550817666311,0.0270788229765015,-0.00293247188220724
2014-12-01,045,Tlaxcala,48557.5391049849,0.0796545654118068,0.0330570664475442,0.00755647805758256
2014-12-01,046,Veracruz,164142.505254708,0.00523475912255722,-0.0215883998660253,-0.0318778567503086
2014-12-01,047,Xalapa,81370.0235552878,0.00135297546390656,0.0473449249963263,0.0442379819654385
2014-12-01,048,Poza Rica,54759.0273248675,0.0108158123378075,-0.0225783099427576,-0.053953310056581
2014-12-01,049,Orizaba,63418.3725751569,0.0325878111609379,0.0274021966283786,-0.000224254206261126
2014-12-01,050,Minatitlán,88169.745381986,0.00874219619994343,-0.018114277377251,-0.0295214944619843
2014-12-01,051,Coatzacoalcos,127480.647349074,0.0464713752352726,-0.00599694011983032,-0.0401966623050628
2014-12-01,052,Córdoba,23611.5755797497,0.0150336017103092,0.0106307170540816,-0.010947586919609
2014-12-01,053,Mérida,190835.13852,0.0368581116115276,0.0368326316255396,0.0289430695608876
2014-12-01,054,Zacatecas,51973.1962018132,0.0453150127820956,0.0757789477405741,0.0500677827136321
2014-12-01,055,Ensenada,53153.4415008615,0.0397849525857863,0.0153554374888807,0.0057163243944644
2014-12-01,056,La Paz,54448.9646665277,0.0383835579829335,-0.0376669618797557,-0.0500041630270474
2014-12-01,057,Los Cabos,42977.6264841445,0.0941092655457254,0.0670975449456266,0.0551413080843342
2014-12-01,058,Campeche,272618.25550599,-0.00497548294658812,-0.0287648036650049,-0.0222543368098425
2014-12-01,059,Cd. del Carmen,222263.101077662,-0.0157309713897712,-0.0305275725000188,-0.0126260292580882
2014-12-01,060,Manzanillo,35034.0813844184,0.0369559218833528,0.0584499387278838,0.0480019011173961
2014-12-01,061,Tapachula,21699.2563057659,0.0324189102971029,0.00624636996776418,0.00747769375562946
2014-12-01,062,Durango,66386.8995080628,0.0443153900929398,0.0403981012533066,0.0413647147609222
2014-12-01,063,Celaya,92227.2949170379,0.0583586325598553,0.07345122440062,0.0700333145884215
2014-12-01,064,Guanajuato,23697.9319828861,0.0498376930643818,0.0654670986124826,0.0633471990370383
2014-12-01,065,Irapuato,73739.5790934402,0.0747292722954065,0.104614957615205,0.0923940560856525
2014-12-01,066,Salamanca,51361.5436936026,0.0673384523733336,0.0946569328335514,0.0792787684163159
2014-12-01,067,Uruapan,33347.6326601548,0.0060442288159519,0.0157365951813959,0.0265205481393539
2014-12-01,068,San Juan del Río,45669.0173300034,0.0240938805682926,0.05041625447354,0.0640072255550351
2014-12-01,069,Los Mochis,49300.245451808,0.119484763451228,-0.0116080892817846,-0.0457183594698902
2014-12-01,070,Culiacán,130614.108643578,0.130439275745297,0.0885307529260773,0.0673028981030662
2014-12-01,071,Mazatlán,75422.7787480888,0.099984291351638,0.028256036447154,-0.00595695048317774
2014-12-01,072,Cd. Obregón,50351.4405611255,0.0940734302685995,-0.0215535581833682,-0.0736997540341692
2014-12-01,073,Hermosillo,160500.972704044,0.0274079918722687,-0.048652380570391,-0.060371999857058
2014-12-01,074,Cárdenas,50150.035039483,0.00974367796539366,-0.0666207549622071,-0.0592689300105125
2014-12-01,075,Cd. Victoria,32698.4340584398,-0.0155067215869424,0.010904964377505,0.0207257361552565
2014-12-01,076,Chetumal,27572.5522285817,0.062849838954925,0.368202364836326,0.380898903974085
2014-12-01,077,Chilpancingo,28237.5163602631,0.0683324714927325,0.195210175146135,0.202084256332718
2014-12-01,078,Moroleón,10574.4312323863,0.0812840081992896,0.0574642657048055,0.107821116933672
2015-03-01,001,Aguascalientes,169246.177883906,-0.0176692197304876,0.0665605492259747,0.0941894268553531
2015-03-01,002,Tijuana,170850.674434112,-0.0271974327080337,0.0446193122425771,0.0324423366582881
2015-03-01,003,Mexicali,218945.387747014,-0.0282697918570461,0.0182644950833197,0.016777750976895
2015-03-01,004,La Laguna,262230.749855233,-0.0349163206271441,0.0186687438738071,0.0236767775492723
2015-03-01,005,Saltillo,135378.869972301,-0.0475361864885215,-0.0659888676861923,-0.0111561229106639
2015-03-01,006,Monclova,67635.8263171952,-0.0137837093675695,0.00691449872023608,0.0255447694086443
2015-03-01,007,Piedras Negras,45041.4987855424,0.0242296569939235,0.0857822233492918,-0.0254344119581061
2015-03-01,008,Colima,49844.3360842367,-0.0140438905251055,0.0219591266255135,0.0342078519052779
2015-03-01,009,Tecomán,11759.0511768765,-0.00300728090698965,0.0300582051800755,0.0547346474024581
2015-03-01,010,Tuxtla,99877.9105626244,-0.0254025006045528,0.0230025915628902,0.014327590499023
2015-03-01,011,Juárez,217558.561491361,-0.0429479731589144,0.0619911209730173,0.0438626524667447
2015-03-01,012,Chihuahua,131895.074942786,-0.0367289635266306,0.0885107598978492,0.0684295158680848
2015-03-01,013,ZMVM,3686672.79582416,-0.047812910871472,0.0380110609182409,0.0282849610141388
2015-03-01,014,León,222080.80673463,-0.0227413568985948,0.0646242056930839,0.0573997871812786
2015-03-01,015,San Francisco,22868.1723068149,-0.000555964681928645,0.0685533075895208,0.0418477494962601
2015-03-01,016,Acapulco,94373.2749219737,-0.0520458785625773,-0.0131838654643067,-0.0317962652814333
2015-03-01,017,Pachuca,76959.4182508128,-0.0411240720997199,0.030086308818642,0.0388106306422849
2015-03-01,018,Tulancingo,22139.4574688803,-0.058826039541753,0.0368983204446185,0.00980634897749805
2015-03-01,019,Tula,38648.4627600825,-0.180332347995592,-0.181820187339809,-0.0442627139984592
2015-03-01,020,Guadalajara,728843.995156417,-0.0405909684854097,0.0533302333426744,0.0415530411303462
2015-03-01,021,Puerto Vallarta,59589.3159224884,0.0268830277432961,0.0319629179061853,0.00103738840209497
2015-03-01,022,Ocotlán,12983.512436006,-0.0568287187364335,0.0129599940662102,0.0111432096437087
2015-03-01,023,Toluca,206537.296318207,-0.0246351028295684,0.0410319749303554,0.0403354096273622
2015-03-01,024,Morelia,103978.132658677,-0.0244774817414894,0.0173074202746424,0.0324427379345619
2015-03-01,025,Zamora,21542.8469044826,-0.0197071165980199,-0.0070840080939899,0.0334915345928672
2015-03-01,026,Pénjamo,25654.2631865998,-0.0174617554392157,0.014274639806517,0.0296982008954837
2015-03-01,027,Cuernavaca,94829.6243221081,-0.0258910730562183,-0.0030050362459062,-0.00235738395231133
2015-03-01,028,Cuautla,52156.3637170161,-0.0312718006713647,-0.0188152657762809,0.000580564918990917
2015-03-01,029,Tepic,57064.6167325754,-0.0102279846167135,0.038475904261682,0.0263945665510228
2015-03-01,030,Monterrey,1013407.02184764,-0.0288997880550748,0.024402100668554,0.0352649933961127
2015-03-01,031,Oaxaca,79827.2534468503,-0.0247427492965093,0.0129824766652653,0.0244046729371577
2015-03-01,032,Tehuantepec,35813.8432054557,-0.0276743809157,0.00837549413941163,0.0159584165384259
2015-03-01,033,Puebla,334661.737275864,-0.0286524927202533,0.0156886153309508,0.0127474019920448
2015-03-01,034,Tehuacán,26857.9285195932,-0.0178792322451939,0.0139427985055049,0.000267524783706119
2015-03-01,035,Querétaro,269205.194346306,0.0150727537723574,0.0863082757073543,0.0665327298383279
2015-03-01,036,Cancún,149819.478406996,-0.0257050780816777,0.0293791680338205,-0.0165862378298161
2015-03-01,037,San Luis,200934.940106426,-0.028758176196179,0.0216748510502647,0.016754411327128
2015-03-01,038,Cd. Fernández,8905.60136809589,-0.0465027468528255,0.00143082296504704,0.00438913413748443
2015-03-01,039,Guaymas,33771.0922929325,-0.0422889712878339,-0.073855503533339,0.0225142539291673
2015-03-01,040,Villahermosa,213447.748153324,-0.0319319057473771,0.0178764871027288,0.0114831818139151
2015-03-01,041,Tampico,97650.4487139604,0.00877135667629902,0.0145863813841463,0.0196425312414232
2015-03-01,042,Reynosa,153895.619515376,0.0166918763526112,0.0683271960225422,0.0650192513972994
2015-03-01,043,Matamoros,80222.1344529755,0.0107197357092284,-0.0130588745041691,0.00542891445149213
2015-03-01,044,Nuevo Laredo,108798.220611277,0.0202328059802355,0.0207094566538124,0.0107726831834361
2015-03-01,045,Tlaxcala,45727.8506592412,-0.0582749558132623,0.0324389792785675,0.0172884233961127
2015-03-01,046,Veracruz,169616.878490282,0.0333513444739932,0.0394014957612829,-0.0124175686420519
2015-03-01,047,Xalapa,77325.8309057094,-0.0497012594181022,-0.054547861331394,0.0209731242563717
2015-03-01,048,Poza Rica,57817.430784139,0.0558520413652892,0.0826594282197364,-0.0114316338585922
2015-03-01,049,Orizaba,61674.3629404423,-0.0275000692054619,0.00219749912191625,0.00184570000958467
2015-03-01,050,Minatitlán,91291.217818095,0.0354029879817115,0.0346380997330131,-0.0132794839226516
2015-03-01,051,Coatzacoalcos,128144.912410824,0.00521071296360032,0.0423011299618046,-0.018204154438355
2015-03-01,052,Córdoba,23242.9502432729,-0.0156120600775562,0.000941311021557922,-0.00535263076738826
2015-03-01,053,Mérida,185891.258530184,-0.0259065496436227,0.0353851736230419,0.0338808216702834
2015-03-01,054,Zacatecas,49117.0188873803,-0.054954813695549,0.064189430644364,0.0612593268824327
2015-03-01,055,Ensenada,51453.8886641196,-0.0319744646584055,0.0245654542532903,0.0112082253976289
2015-03-01,056,La Paz,50396.0315620819,-0.0744354484840613,-0.0198874552658629,-0.0405822511101796
2015-03-01,057,Los Cabos,42931.4048690684,-0.00107548086893927,0.029683952339667,0.0450573672802895
2015-03-01,058,Campeche,266895.757104095,-0.0209908848227129,-0.0384932159566194,-0.0272692608513139
2015-03-01,059,Cd. del Carmen,218754.262901715,-0.0157868677208852,-0.0399046721887695,-0.0204056202302247
2015-03-01,060,Manzanillo,34261.1372001875,-0.0220626359729431,0.0410013623555825,0.0495530059454465
2015-03-01,061,Tapachula,21182.2583008821,-0.0238256093941089,-0.000295222464010925,0.00551900743356021
2015-03-01,062,Durango,65034.9188686289,-0.0203651721868667,0.0414359792042083,0.0421598644667366
2015-03-01,063,Celaya,90298.5282628319,-0.020913186881834,0.0735997087377729,0.0702555175011496
2015-03-01,064,Guanajuato,23287.4157822797,-0.0173228702362237,0.0706660275861932,0.0626169876726479
2015-03-01,065,Irapuato,73243.5874338832,-0.00672626106162755,0.106993279621229,0.0962609801953307
2015-03-01,066,Salamanca,50412.9878819312,-0.0184682107167569,0.0991941709179927,0.085681285822159
2015-03-01,067,Uruapan,31725.3948726061,-0.0486462653610501,-0.0317511195610465,0.012888888278942
2015-03-01,068,San Juan del Río,46173.1759950544,0.0110394025211435,0.0600321274914875,0.0582211190898229
2015-03-01,069,Los Mochis,43555.2706831803,-0.116530348195599,0.00641409613867805,-0.0267899977528474
2015-03-01,070,Culiacán,131473.182243334,0.00657718839623911,0.0823732828511874,0.0728731027996147
2015-03-01,071,Mazatlán,68136.944687745,-0.0965999155862242,0.008647669204638,0.0014882278632912
2015-03-01,072,Cd. Obregón,54395.7278298392,0.0803211829422046,0.165691550263009,-0.0086573100397363
2015-03-01,073,Hermosillo,161682.959618204,0.00736435981817918,0.0286982863552765,-0.036541878728452
2015-03-01,074,Cárdenas,48437.5711710363,-0.0341468130001995,-0.028261704763346,-0.0523381995904338
2015-03-01,075,Cd. Victoria,33132.1235114946,0.0132633095603192,-0.00837618139988916,0.0132578731136382
2015-03-01,076,Chetumal,30974.6703452005,0.123387856460097,0.158828067433489,0.324927396470417
2015-03-01,077,Chilpancingo,30894.3479256348,0.0940887127421184,0.150294626395105,0.185925973690525
2015-03-01,078,Moroleón,10048.7060718467,-0.049716637139734,0.0486660668519472,0.0840605947845362
2015-06-01,001,Aguascalientes,173331.565510327,0.024138729024791,0.047348050401695,0.0799498670437923
2015-06-01,002,Tijuana,178279.419735242,0.0434809246480035,0.0464657656084917,0.038434081326868
2015-06-01,003,Mexicali,224923.403789266,0.0273036856531532,0.0168033389738975,0.0169779402276213
2015-06-01,004,La Laguna,264746.226260907,0.00959260653856608,0.0157398097022861,0.0239637830631848
2015-06-01,005,Saltillo,139270.324295017,0.0287449165701528,-0.0584363482076151,-0.0365794191148215
2015-06-01,006,Monclova,69039.9679766203,0.020760323868005,0.00981268538690006,0.016545744197602
2015-06-01,007,Piedras Negras,48550.7362624188,0.0779112056991047,0.147722788541464,0.03547768973421
2015-06-01,008,Colima,50277.7928081012,0.00869620819368455,0.0261898145631043,0.0317149920899267
2015-06-01,009,Tecomán,11958.99692226,0.0170035611186676,0.0372472697331927,0.0436407452237432
2015-06-01,010,Tuxtla,101432.183108242,0.0155617246782827,0.0246645320090864,0.0181541529763632
2015-06-01,011,Juárez,231124.380517416,0.0623547928110117,0.0861229225575801,0.0570756381046217
2015-06-01,012,Chihuahua,139242.318124261,0.0557052125309598,0.0901673097928519,0.0776744076174649
2015-06-01,013,ZMVM,3764773.13817729,0.0211845061057754,0.0330240163845441,0.0322828758471585
2015-06-01,014,León,229661.590703194,0.0341352504974539,0.0658311992601028,0.0605050852413292
2015-06-01,015,San Francisco,23502.8035186064,0.0277517242426211,0.0731313171168149,0.0543486498821649
2015-06-01,016,Acapulco,93023.4467104434,-0.0143030769319636,-0.0186295352359368,-0.0243508048311762
2015-06-01,017,Pachuca,76751.5312265566,-0.00270125514175168,0.0142219924463884,0.0331878950892169
2015-06-01,018,Tulancingo,22734.4985565719,0.0268769498316743,0.0271421167928936,0.0194383418066874
2015-06-01,019,Tula,39047.6950427217,0.0103298360174775,-0.206777482415278,-0.108822062079424
2015-06-01,020,Guadalajara,747045.301522105,0.0249728425927165,0.0496804303613798,0.0475956412302362
2015-06-01,021,Puerto Vallarta,56466.6394854047,-0.0524032939251322,0.0250299297721481,0.0107865795946594
2015-06-01,022,Ocotlán,13226.4494950668,0.0187111970091454,0.0163565548549331,0.0123456789594833
2015-06-01,023,Toluca,211944.626383562,0.0261808891747284,0.040527414735936,0.0427297918773329
2015-06-01,024,Morelia,104027.655768761,0.000476283895637364,0.012602457277356,0.0271994993408032
2015-06-01,025,Zamora,21047.0444908593,-0.0230147118355166,-0.0336319491372786,0.00740756298247042
2015-06-01,026,Pénjamo,25812.3708763018,0.00616301815226228,0.00558564555170715,0.0204789844602548
2015-06-01,027,Cuernavaca,94171.258975762,-0.00694261261765439,-0.0100312478066675,-0.0046022618786743
2015-06-01,028,Cuautla,52967.4414558898,0.015550887390738,-0.017283246168892,-0.00850006471999953
2015-06-01,029,Tepic,57455.8907331546,0.00685668323004585,0.0412024348241473,0.0336660073158212
2015-06-01,030,Monterrey,1045581.76662316,0.0317490841111965,0.0265817222683751,0.0317277312910528
2015-06-01,031,Oaxaca,80755.7908242139,0.0116318342078718,0.00810835023712864,0.0181271763834526
2015-06-01,032,Tehuantepec,36036.4241141559,0.00621494061453642,0.00333359132510758,0.00898032167411
2015-06-01,033,Puebla,334432.192152905,-0.000685901904494024,-0.00497190900689526,0.00939339403566511
2015-06-01,034,Tehuacán,27129.5968344931,0.0101150136989034,0.0168429345891001,0.00514750605997555
2015-06-01,035,Querétaro,274130.879689358,0.0182971407925929,0.0834563073126331,0.0751124055287102
2015-06-01,036,Cancún,150986.764515171,0.00779128402118756,0.0271711874620382,0.000788889131150328
2015-06-01,037,San Luis,205529.450121974,0.0228656599649333,0.0125262718908252,0.0179495535160358
2015-06-01,038,Cd. Fernández,8912.2443293653,0.000745930678325513,-0.0155459218109943,-0.0024633087172547
2015-06-01,039,Guaymas,34159.5452972434,0.0115025300615526,-0.0999982915596572,-0.0477550320613294
2015-06-01,040,Villahermosa,212725.404118052,-0.00338417266765079,0.00817283715501782,0.0144060004765929
2015-06-01,041,Tampico,97204.939593849,-0.00456228441321815,0.0224922367106679,0.0222071833247193
2015-06-01,042,Reynosa,149799.914388382,-0.0266135263621636,0.0475189663631852,0.0687250467936757
2015-06-01,043,Matamoros,79113.4447598345,-0.0138202467523574,-0.00478988145909298,-0.00406143016437704
2015-06-01,044,Nuevo Laredo,106688.531827309,-0.0193908390423577,0.0159958138814784,0.0176358482499611
2015-06-01,045,Tlaxcala,46407.2074270874,0.014856520874089,0.0381165912706347,0.0283808807127146
2015-06-01,046,Veracruz,169119.827685547,-0.00293043244963975,0.0393549731288823,0.0071190540762659
2015-06-01,047,Xalapa,76956.0036740714,-0.00478271267578056,-0.0562802109577143,-0.00387103077380355
2015-06-01,048,Poza Rica,57100.1905609889,-0.0124052593382771,0.0616374720095656,0.020527143910132
2015-06-01,049,Orizaba,60518.9232596601,-0.0187345215368987,-0.0121686128528308,0.00259720510083927
2015-06-01,050,Minatitlán,91446.4749331963,0.0017006796361354,0.0424474158378092,0.00641408236294166
2015-06-01,051,Coatzacoalcos,127089.704127831,-0.00823449220995964,0.0394501804242102,0.00554436623408788
2015-06-01,052,Córdoba,23044.6874372619,-0.00853001894922467,-0.00527589231435022,-0.00103370856279814
2015-06-01,053,Mérida,187296.490851188,0.00755943196100306,0.0263297497309314,0.0360522913011324
2015-06-01,054,Zacatecas,51353.4138160075,0.0455319760703512,0.0402258000170654,0.060454408475927
2015-06-01,055,Ensenada,52993.6467876282,0.0299250098191775,0.0312640617545723,0.0187110072580976
2015-06-01,056,La Paz,50593.2989409942,0.00391434350677455,-0.0305491575574262,-0.0340974176576363
2015-06-01,057,Los Cabos,43208.3771895357,0.00645150843099707,0.0368135348754826,0.0373518832550433
2015-06-01,058,Campeche,264769.459209297,-0.00796677293737913,-0.0421845582848824,-0.033284475477388
2015-06-01,059,Cd. del Carmen,217863.540551911,-0.00407179424980986,-0.0435806247876992,-0.0308554457332685
2015-06-01,060,Manzanillo,34546.1180956392,0.00831790532189713,0.0315448382730208,0.0462739998938831
2015-06-01,061,Tapachula,20979.6872096539,-0.00956324336861525,-0.00488518268630544,0.00201408023590077
2015-06-01,062,Durango,66143.6728884286,0.0170485954174773,0.03779860948699,0.0399984392540635
2015-06-01,063,Celaya,91861.0057762511,0.0173034659974893,0.0617006077399507,0.0690165786114995
2015-06-01,064,Guanajuato,23681.1666092011,0.0169083092174191,0.0676515385789098,0.0644199086119361
2015-06-01,065,Irapuato,74970.1908223013,0.0235734410193478,0.107873770938479,0.101904024593712
2015-06-01,066,Salamanca,52243.8696376012,0.0363176600434385,0.101527371679669,0.0931875284209005
2015-06-01,067,Uruapan,31560.7090026758,-0.00519097935870094,-0.0501503532532921,-0.00693398625214597
2015-06-01,068,San Juan del Río,47445.164146459,0.0275482057275174,0.0727147104669972,0.0599330261132752
2015-06-01,069,Los Mochis,45247.2382585106,0.0388464484043178,0.0136593217194048,-0.00783527232906367
2015-06-01,070,Culiacán,128559.148589783,-0.0221644719008746,0.0849745701512583,0.0800884769469085
2015-06-01,071,Mazatlán,67509.7364134656,-0.00920511298464732,-0.0222440168513247,0.00318468015185605
2015-06-01,072,Cd. Obregón,59496.2821682677,0.0937675538487883,0.277386215382255,0.0808846521132015
2015-06-01,073,Hermosillo,167778.752260574,0.0377021342061261,0.0109662673200572,-0.0181726059300057
2015-06-01,074,Cárdenas,48271.1101754277,-0.00343660905334897,-0.0336756575126116,-0.0465399406302353
2015-06-01,075,Cd. Victoria,33186.6520609211,0.00164579096198314,0.00604449556587716,0.00978980201618487
2015-06-01,076,Chetumal,30707.2312818306,-0.00863412137689668,0.158897246495501,0.268382632638988
2015-06-01,077,Chilpancingo,30781.86955782,-0.00364074257484082,0.150104232491461,0.169136091184874
2015-06-01,078,Moroleón,10511.1058549205,0.0460158531623616,0.0589881605623572,0.0659935910324234
2015-09-01,001,Aguascalientes,172927.937168633,-0.00232864879807715,0.0375534745652961,0.0627284989039386
2015-09-01,002,Tijuana,178697.108882365,0.00234289043426217,0.0597527247719098,0.0470132731737314
2015-09-01,003,Mexicali,221546.854297337,-0.0150119971289989,0.0208202755105005,0.0180679901207958
2015-09-01,004,La Laguna,266159.308916962,0.00533749876631884,0.0216608448064486,0.0235115101455438
2015-09-01,005,Saltillo,140143.636123383,0.00627062393073863,-0.0194249264877642,-0.0440426833884813
2015-09-01,006,Monclova,69144.1459741255,0.00150895199633383,0.026950365061273,0.0165094611451123
2015-09-01,007,Piedras Negras,49039.7922308369,0.0100730906690008,0.168409716217913,0.0906039324391175
2015-09-01,008,Colima,50503.2680884119,0.00448458986995104,0.0274071924185257,0.0281494574083541
2015-09-01,009,Tecomán,11972.940658659,0.00116596203591857,0.0466604953600844,0.0392124882526929
2015-09-01,010,Tuxtla,101371.184813297,-0.000601370226651632,0.0298777725129293,0.0235923818076898
2015-09-01,011,Juárez,230900.827506776,-0.000967241145825803,0.109446708906394,0.075856506645152
2015-09-01,012,Chihuahua,136233.193339016,-0.0216107058958909,0.0963971921666067,0.0892223868037581
2015-09-01,013,ZMVM,3753715.85301258,-0.00293703890218011,0.0311456239341474,0.0339466368495521
2015-09-01,014,León,229873.80751892,0.000924041390971686,0.0658313345553725,0.0640908226941995
2015-09-01,015,San Francisco,23253.2967846015,-0.0106160413504456,0.0703719322288123,0.0654361580349064
2015-09-01,016,Acapulco,93566.5112846658,0.00583793219265338,-0.0131625719698651,-0.0186875717967453
2015-09-01,017,Pachuca,77193.8120582745,0.00576250173318837,0.0176931750459663,0.0275821462753988
2015-09-01,018,Tulancingo,23113.9546501214,0.0166907615140617,0.0415284072538176,0.0311151978275526
2015-09-01,019,Tula,39205.7561272668,0.00404789794563309,-0.189818370603871,-0.160133039189869
2015-09-01,020,Guadalajara,752313.872296722,0.00705254522568155,0.0457367852343138,0.049719515036719
2015-09-01,021,Puerto Vallarta,55699.8834553112,-0.0135789208828627,0.023433031701966,0.0200845311129456
2015-09-01,022,Ocotlán,13163.6277489722,-0.00474970596742386,0.013217859942098,0.0130748356154321
2015-09-01,023,Toluca,210887.38922937,-0.0049882706263038,0.0404335521043788,0.0431952761225313
2015-09-01,024,Morelia,104821.184228811,0.00762805288829371,0.0163397304206108,0.021777737267911
2015-09-01,025,Zamora,20811.971986232,-0.0111689080492697,-0.026171735653623,-0.00936349936436184
2015-09-01,026,Pénjamo,25388.8137273646,-0.0164090757477083,0.00638499882239185,0.0130567703616137
2015-09-01,027,Cuernavaca,93978.0912148443,-0.00205123901940629,0.00567530976915021,-0.00162721053834208
2015-09-01,028,Cuautla,52616.3006241978,-0.00662937121447238,-0.0021258609671212,-0.0119044638224573
2015-09-01,029,Tepic,56990.0239699424,-0.00810825064701981,0.0333938688663205,0.0366864037179989
2015-09-01,030,Monterrey,1061338.01370494,0.0150693590733408,0.0414989363295657,0.0320347708800343
2015-09-01,031,Oaxaca,80362.8872176773,-0.00486533043050585,0.00993969623188362,0.0133554741624861
2015-09-01,032,Tehuantepec,35660.1547499786,-0.0104413624111359,0.007644818665,0.00763359380332357
2015-09-01,033,Puebla,331858.939510412,-0.00769439277339901,-0.00505378620802011,0.00632563962659033
2015-09-01,034,Tehuacán,27262.6893317023,0.00490580446223277,0.0337907001522617,0.0153706591014981
2015-09-01,035,Querétaro,277880.259619591,0.0136773352001855,0.0820099557035323,0.081405133444666
2015-09-01,036,Cancún,154512.68154263,0.0233524907880576,0.0319872238548804,0.0168170379483568
2015-09-01,037,San Luis,207006.502999306,0.00718657533728106,0.0216906231851417,0.0194250385206498
2015-09-01,038,Cd. Fernández,8830.11263039545,-0.00921560225848239,-0.0278647062667935,-0.0103366220434779
2015-09-01,039,Guaymas,34215.9791580872,0.00165206709728416,0.036453381646683,-0.0444286122659137
2015-09-01,040,Villahermosa,212289.17005106,-0.00205069097788479,0.00864723609456952,0.0158063818493763
2015-09-01,041,Tampico,97414.5521726957,0.00215639842710158,0.00954052304456843,0.0187572559888297
2015-09-01,042,Reynosa,153416.021341674,0.0241395795722288,0.0268151941562962,0.0592131262569874
2015-09-01,043,Matamoros,80613.99275107,0.0189670415160241,0.0395801484224849,0.00860468753228966
2015-09-01,044,Nuevo Laredo,107880.110133762,0.0111687571854648,0.012465642814133,0.0190624340814813
2015-09-01,045,Tlaxcala,47475.7998253004,0.0230264318294073,0.0556025896852039,0.0398038066704876
2015-09-01,046,Veracruz,168393.328040757,-0.00429576859634251,0.0312674726648294,0.0221088854222423
2015-09-01,047,Xalapa,77350.6172149608,0.00512778109633616,-0.0481105041152798,-0.0278984128520155
2015-09-01,048,Poza Rica,56853.1063749318,-0.00432720422873423,0.0494711413218762,0.0427974329021052
2015-09-01,049,Orizaba,60275.3754732568,-0.00402432451348023,-0.018586956751784,-0.000288968463579981
2015-09-01,050,Minatitlán,90944.6458025454,-0.0054876815209931,0.0404895845171511,0.0248652056776806
2015-09-01,051,Coatzacoalcos,126217.138161579,-0.00686574866343526,0.0360993993741865,0.0279634424100927
2015-09-01,052,Córdoba,22870.9803426957,-0.00753783686756648,-0.0168037082708634,-0.00262689312739353
2015-09-01,053,Mérida,187951.45285273,0.00349692617605846,0.0211902796879331,0.0299344586668615
2015-09-01,054,Zacatecas,51052.3913548434,-0.00586178091767464,0.0267952525841175,0.0517473577465303
2015-09-01,055,Ensenada,52899.708683503,-0.00177262954749369,0.0348214439583674,0.0265015993637777
2015-09-01,056,La Paz,50671.3320761518,0.00154236107925332,-0.0336587956958,-0.0304405925997112
2015-09-01,057,Los Cabos,41424.803810031,-0.041278416258981,0.0545780532735949,0.0470432713585928
2015-09-01,058,Campeche,263403.614424342,-0.00515861908330795,-0.038607837372264,-0.0370126038196927
2015-09-01,059,Cd. del Carmen,216368.925468952,-0.00686032678607906,-0.0418327151012281,-0.0389613961444289
2015-09-01,060,Manzanillo,34716.5400099547,0.00493317118420467,0.0275571765564802,0.0396383289782418
2015-09-01,061,Tapachula,20854.2698054364,-0.00597803975646261,-0.00778431278082981,-0.0016795869908455
2015-09-01,062,Durango,66045.9946139819,-0.00147675915444634,0.0389527021215963,0.0396463480165253
2015-09-01,063,Celaya,91491.0035150427,-0.00402784901038067,0.0499092861696977,0.0646652067620103
2015-09-01,064,Guanajuato,23943.9519528982,0.011096807350486,0.0607365781633751,0.0661303107352402
2015-09-01,065,Irapuato,74861.1345374391,-0.00145466196185473,0.0910755612353049,0.102639392352555
2015-09-01,066,Salamanca,52642.7746421604,0.00763544138912953,0.0939635683535773,0.0973355109461976
2015-09-01,067,Uruapan,31445.9845079355,-0.00363504174543505,-0.0513254252244276,-0.0293725757143426
2015-09-01,068,San Juan del Río,48353.1285437285,0.0191371325951502,0.0842830860613279,0.0668615446233382
2015-09-01,069,Los Mochis,45103.2218477693,-0.0031828773707363,0.0241808976487863,0.00816155655627113
2015-09-01,070,Culiacán,125829.401296846,-0.0212333958561541,0.0890285800412598,0.0862267964924457
2015-09-01,071,Mazatlán,67690.8179963002,0.00268230321217078,-0.0127805193525861,0.000469792361970311
2015-09-01,072,Cd. Obregón,56706.6263217048,-0.0468879019813896,0.232163618108019,0.163421956392479
2015-09-01,073,Hermosillo,157534.234170042,-0.06105968695381,0.00841713575297631,-0.000142672785520243
2015-09-01,074,Cárdenas,48033.8470122285,-0.00491522076738848,-0.0328646169285968,-0.0403556835416904
2015-09-01,075,Cd. Victoria,33910.707973112,0.0218176847384823,0.0209927486463177,0.00739150679745268
2015-09-01,076,Chetumal,30506.554694342,-0.00653515732652055,0.175947967208507,0.215468911493455
2015-09-01,077,Chilpancingo,30538.274738612,-0.00791358103673367,0.155378897718377,0.16274698293777
2015-09-01,078,Moroleón,10745.6344059501,0.0223124525874536,0.0987903165443258,0.0659772024158589
2015-12-01,001,Aguascalientes,176159.096232671,0.0186850032270192,0.0224544188673617,0.0434791232650819
2015-12-01,002,Tijuana,185776.165809502,0.0396148374834433,0.0577864655186762,0.0521560670354137
2015-12-01,003,Mexicali,231981.156606302,0.0470974970150619,0.0295859616588778,0.0213685178066489
2015-12-01,004,La Laguna,276771.140663967,0.039870225806437,0.018596449591296,0.0186664619934594
2015-12-01,005,Saltillo,144351.129321783,0.0300227203659555,0.0155885268258245,-0.0320654038889368
2015-12-01,006,Monclova,70223.9143784226,0.0156161940983575,0.0239539031752793,0.0169078630859221
2015-12-01,007,Piedras Negras,49703.761350211,0.0135393950335028,0.13024805594114,0.133040696012452
2015-12-01,008,Colima,51793.5180042142,0.0255478499637607,0.0245123020828577,0.0250171089225003
2015-12-01,009,Tecomán,12296.0083573104,0.0269831537516017,0.0425187051019931,0.0391211688438364
2015-12-01,010,Tuxtla,106513.766605387,0.0507302129452503,0.0393494417337874,0.0292235844546733
2015-12-01,011,Juárez,250462.836851344,0.0847203951401763,0.101799736189494,0.0898401221566212
2015-12-01,012,Chihuahua,148862.766688452,0.092705551708002,0.0871914028820311,0.0905666661848347
2015-12-01,013,ZMVM,3980069.84917667,0.0603013134258494,0.0279651420403719,0.0325364608193261
2015-12-01,014,León,242428.34182823,0.054614896950697,0.0667972431650756,0.0657709956684087
2015-12-01,015,San Francisco,24801.2575860731,0.0665695198324161,0.0839287298618479,0.073996321699249
2015-12-01,016,Acapulco,98531.0859165843,0.0530593111120101,-0.0102817872797679,-0.0138144399874691
2015-12-01,017,Pachuca,89089.9786859404,0.154107775098415,0.110016654500828,0.0430045327029563
2015-12-01,018,Tulancingo,25018.4352776566,0.0823952740395797,0.0635626391404627,0.0422828709079481
2015-12-01,019,Tula,44828.2786235557,0.143410637918509,-0.049269045683232,-0.156921271510548
2015-12-01,020,Guadalajara,791371.089858763,0.0519161203857685,0.0417161641389379,0.0476159032693265
2015-12-01,021,Puerto Vallarta,59517.9148347848,0.0685464877594739,0.0256525963481689,0.0265196189321171
2015-12-01,022,Ocotlán,13940.4379237352,0.0590118612875259,0.0126859555694494,0.0138050911081727
2015-12-01,023,Toluca,219949.139602994,0.0429696171342329,0.0387018410518791,0.0401736957056373
2015-12-01,024,Morelia,107665.370556677,0.0271336977233372,0.0101161727866474,0.0140914451898141
2015-12-01,025,Zamora,21359.3960269819,0.0263033239287496,-0.028054926451803,-0.0237356548341736
2015-12-01,026,Pénjamo,26507.3897376546,0.0440578288651727,0.0152123251907572,0.0103644023428433
2015-12-01,027,Cuernavaca,98170.9534746352,0.0446153162464804,0.00843173037784872,0.000267689023606299
2015-12-01,028,Cuautla,54345.1192329344,0.0328570915900057,0.00938113290372677,-0.00721081000214183
2015-12-01,029,Tepic,58527.8094553431,0.0269834153116295,0.0151507402925393,0.0320557370611723
2015-12-01,030,Monterrey,1093930.29364067,0.0307086710500031,0.0482618702114548,0.0351861573694874
2015-12-01,031,Oaxaca,82645.9398495659,0.0284092907924594,0.00969341420669756,0.0101809843352438
2015-12-01,032,Tehuantepec,37027.3706278878,0.038340155489931,0.00527220332891765,0.00615652686460921
2015-12-01,033,Puebla,357423.596935796,0.0770347107813301,0.0374132482326799,0.0107690420871788
2015-12-01,034,Tehuacán,28686.2582811233,0.0522167469283967,0.0489777715551158,0.0283885512004957
2015-12-01,035,Querétaro,287185.293378655,0.0334857674733788,0.0828690259883662,0.0836608911779715
2015-12-01,036,Cancún,159605.420997114,0.0329600095192113,0.0379341380810934,0.0316179293579581
2015-12-01,037,San Luis,215362.559496003,0.0403661545682248,0.0409793585583949,0.0242177761711566
2015-12-01,038,Cd. Fernández,9064.30519198589,0.0265220356062377,-0.0295107825947831,-0.017872646926881
2015-12-01,039,Guaymas,41493.054036954,0.21268059713401,0.176697369497196,0.00982423901272081
2015-12-01,040,Villahermosa,219253.259220522,0.0328047312436452,-0.0056016676277062,0.00727372318115249
2015-12-01,041,Tampico,95704.9970014488,-0.0175492791694626,-0.011326000675608,0.00882328511594366
2015-12-01,042,Reynosa,150466.764463744,-0.019223917112027,-0.00596041932131741,0.0341752343051765
2015-12-01,043,Matamoros,73001.4817600626,-0.0944316331596953,-0.080253363313797,-0.0146304927136435
2015-12-01,044,Nuevo Laredo,105645.276809678,-0.0207158976878367,-0.00933327224907821,0.0099594102750864
2015-12-01,045,Tlaxcala,49635.7035675254,0.0454948363202499,0.0222038530455466,0.0370905033199882
2015-12-01,046,Veracruz,170083.72238971,0.0100383689105796,0.0361954822474726,0.0365548559506168
2015-12-01,047,Xalapa,76826.929185782,-0.00677031480852297,-0.055832531084607,-0.0536927768722488
2015-12-01,048,Poza Rica,57240.0240465347,0.00680556782686992,0.045307538188146,0.0597688949348311
2015-12-01,049,Orizaba,60536.2930612787,0.00432875923166498,-0.0454454978399613,-0.018500892080665
2015-12-01,050,Minatitlán,91719.3181301211,0.00851806415583467,0.0402583985329321,0.0394583746552264
2015-12-01,051,Coatzacoalcos,124300.242530014,-0.0151872848607192,-0.0249481382876166,0.0232256428681462
2015-12-01,052,Córdoba,23881.3783762982,0.0441781689487175,0.0114267171895064,-0.00242789309353733
2015-12-01,053,Mérida,195943.884974224,0.0425239177467622,0.0267704705424996,0.0274189183961015
2015-12-01,054,Zacatecas,53912.575182588,0.0560244829250929,0.0373149839244855,0.0421313667925081
2015-12-01,055,Ensenada,54203.0533927253,0.0246380318844492,0.0197468284691735,0.0275994471088509
2015-12-01,056,La Paz,52644.6506933138,0.0389434920360188,-0.0331377094911606,-0.0293082795025624
2015-12-01,057,Los Cabos,44975.3139661315,0.0857097639468065,0.0464820336861562,0.0418893935437252
2015-12-01,058,Campeche,260548.35369997,-0.0108398691893892,-0.0442740042614446,-0.0408899039688026
2015-12-01,059,Cd. del Carmen,214145.025133991,-0.0102782797027849,-0.0365246228650163,-0.0404606587356783
2015-12-01,060,Manzanillo,35958.760322639,0.0357818006151545,0.0263936972707903,0.0316242686139684
2015-12-01,061,Tapachula,21600.464890964,0.03578140555816,-0.00455275579078884,-0.00437936843048375
2015-12-01,062,Durango,69530.2115064783,0.052754401123952,0.047348377793027,0.0413839171514554
2015-12-01,063,Celaya,96199.7647361883,0.0514669316133518,0.0430726047286085,0.0570705518440074
2015-12-01,064,Guanajuato,24969.7025032862,0.042839651215717,0.053665886175998,0.063180007626119
2015-12-01,065,Irapuato,78177.6768903829,0.0443025927063012,0.0601861015685872,0.0915321783409
2015-12-01,066,Salamanca,55846.8476718678,0.06086444059013,0.0873280601732354,0.0955032927811186
2015-12-01,067,Uruapan,32118.7020264435,0.0213927955837492,-0.0368521102003043,-0.0425197520597676
2015-12-01,068,San Juan del Río,50118.3832548744,0.0365075593722854,0.097426355656395,0.0786140699190519
2015-12-01,069,Los Mochis,51679.6975649541,0.14580944437587,0.0482645084489903,0.0231297059889649
2015-12-01,070,Culiacán,144231.217032655,0.146244165085055,0.104254498464908,0.0901577328771535
2015-12-01,071,Mazatlán,79017.4508591525,0.167328940587944,0.0476602979992269,0.00532085774998853
2015-12-01,072,Cd. Obregón,55734.0534472749,-0.0171509563787557,0.106900871676452,0.195535563857434
2015-12-01,073,Hermosillo,168528.366827735,0.0697888475836053,0.05001461354688,0.0245240757437975
2015-12-01,074,Cárdenas,51452.8285201826,0.0711785901113366,0.0259779176559682,-0.0172060153871465
2015-12-01,075,Cd. Victoria,33395.8156488626,-0.0151837680492447,0.0213276754836758,0.00999718457399537
2015-12-01,076,Chetumal,32698.6900418809,0.0718578472561979,0.185914520019857,0.169896950289338
2015-12-01,077,Chilpancingo,32638.4076738098,0.0687705167752157,0.155852634395986,0.152907597750232
2015-12-01,078,Moroleón,11947.0426510627,0.111804310450698,0.12980475152862,0.0840623238718124
