trimestre,CVEENT,CVEMET,zona_metro,crec_fit
2012-09-01,01,001,Aguascalientes,0.005082464936930776
2012-09-01,02,002,Tijuana,-0.011893764711289547
2012-09-01,02,003,Mexicali,-0.022917327058960532
2012-09-01,02,055,Ensenada,-0.0019931574084161925
2012-09-01,03,056,La Paz,-0.004239873626333517
2012-09-01,03,057,Los Cabos,-0.023728267181300475
2012-09-01,04,058,Campeche,-9.353586714463838e-5
2012-09-01,04,059,Cd. del Carmen,0.03023859369422422
2012-09-01,05,004,La Laguna,-0.0081205934390499
2012-09-01,05,005,Saltillo,0.016413919791704916
2012-09-01,05,006,Monclova,-0.01888920061739084
2012-09-01,05,007,Piedras Negras,-0.036088400992653036
2012-09-01,06,008,Colima,0.005505830983096962
2012-09-01,06,009,Tecomán,-0.011445568280239639
2012-09-01,06,060,Manzanillo,0.0014870511661902448
2012-09-01,07,010,Tuxtla,-0.0027261343628338197
2012-09-01,07,061,Tapachula,5.051532528807393e-4
2012-09-01,08,011,Juárez,-0.031411766505059696
2012-09-01,08,012,Chihuahua,-0.025884216586660472
2012-09-01,09,013,ZMVM,-0.006494623981147205
2012-09-01,10,004,La Laguna,0.012746908139605086
2012-09-01,10,062,Durango,-0.0052592695882954215
2012-09-01,11,014,León,0.008862613288732684
2012-09-01,11,015,San Francisco,-0.11664454831241554
2012-09-01,11,026,Pénjamo,-0.05487050731794357
2012-09-01,11,063,Celaya,-0.004229295890593702
2012-09-01,11,064,Guanajuato,-0.006118698700699207
2012-09-01,11,065,Irapuato,0.00662309353787533
2012-09-01,11,066,Salamanca,0.01583417826998926
2012-09-01,11,078,Moroleón,0.032072364435352656
2012-09-01,12,016,Acapulco,-0.0025210134132214535
2012-09-01,12,077,Chilpancingo,0.012335518251524326
2012-09-01,13,013,ZMVM,-0.18102797421520755
2012-09-01,13,017,Pachuca,0.0016921917516850152
2012-09-01,13,018,Tulancingo,-0.011837128555915255
2012-09-01,13,019,Tula,0.06138794252726417
2012-09-01,14,020,Guadalajara,0.002543933829927475
2012-09-01,14,021,Puerto Vallarta,0.04844206420866179
2012-09-01,14,022,Ocotlán,0.05727855534481293
2012-09-01,15,013,ZMVM,-0.01796539960225721
2012-09-01,15,023,Toluca,0.02995315342549166
2012-09-01,16,024,Morelia,-9.480865103619269e-4
2012-09-01,16,025,Zamora,-0.006812022995741175
2012-09-01,16,026,Pénjamo,0.013165327439046408
2012-09-01,16,067,Uruapan,-0.005979960284424452
2012-09-01,17,027,Cuernavaca,8.836429622438107e-4
2012-09-01,17,028,Cuautla,0.010916395838182005
2012-09-01,18,021,Puerto Vallarta,-0.028468844836149206
2012-09-01,18,029,Tepic,0.010447788106142004
2012-09-01,19,030,Monterrey,-9.177118241636701e-4
2012-09-01,20,031,Oaxaca,-0.0031487557573293685
2012-09-01,20,032,Tehuantepec,-0.04568644992442427
2012-09-01,21,033,Puebla,0.004269454971214338
2012-09-01,21,034,Tehuacán,-0.018570066366973205
2012-09-01,22,035,Querétaro,0.02359180978894299
2012-09-01,22,068,San Juan del Río,-0.011687799266155848
2012-09-01,23,036,Cancún,0.007703137280198121
2012-09-01,23,076,Chetumal,0.020527793548669376
2012-09-01,24,037,San Luis,0.001092181001106964
2012-09-01,24,038,Cd. Fernández,-0.002521047593597962
2012-09-01,25,069,Los Mochis,-0.17501620173136356
2012-09-01,25,070,Culiacán,-0.004358285277340529
2012-09-01,25,071,Mazatlán,-0.055262643087969236
2012-09-01,26,039,Guaymas,-0.19702396158122498
2012-09-01,26,072,Cd. Obregón,-0.02529087694087635
2012-09-01,26,073,Hermosillo,-0.03014724488309814
2012-09-01,27,040,Villahermosa,-0.007401084667726983
2012-09-01,27,074,Cárdenas,-0.018127349344244793
2012-09-01,28,041,Tampico,0.009248393933517153
2012-09-01,28,042,Reynosa,-0.02086718336920317
2012-09-01,28,043,Matamoros,0.028898710054652485
2012-09-01,28,044,Nuevo Laredo,0.006048127194163803
2012-09-01,28,075,Cd. Victoria,0.01267460938316738
2012-09-01,29,033,Puebla,-0.033047675583602436
2012-09-01,29,045,Tlaxcala,-0.003515050792501809
2012-09-01,30,041,Tampico,-0.020770287317565417
2012-09-01,30,046,Veracruz,-0.007856394075422081
2012-09-01,30,047,Xalapa,-7.269499082372022e-4
2012-09-01,30,048,Poza Rica,-0.007113920764106065
2012-09-01,30,049,Orizaba,-0.0034679569181865454
2012-09-01,30,050,Minatitlán,-0.004096264388646464
2012-09-01,30,051,Coatzacoalcos,-0.009114504359901087
2012-09-01,30,052,Córdoba,0.00576047263201202
2012-09-01,31,053,Mérida,0.00537630181508362
2012-09-01,32,054,Zacatecas,-0.06034014487575596
2012-12-01,01,001,Aguascalientes,0.019793139038284897
2012-12-01,02,002,Tijuana,0.02830713114354713
2012-12-01,02,003,Mexicali,0.044856408401569285
2012-12-01,02,055,Ensenada,0.030997634406709128
2012-12-01,03,056,La Paz,0.045567986329836545
2012-12-01,03,057,Los Cabos,0.05491096759867232
2012-12-01,04,058,Campeche,0.01020733154118903
2012-12-01,04,059,Cd. del Carmen,0.028599117871455186
2012-12-01,05,004,La Laguna,0.026251327397314686
2012-12-01,05,005,Saltillo,0.03187300912832088
2012-12-01,05,006,Monclova,-0.0015105607840129832
2012-12-01,05,007,Piedras Negras,0.014932867928176101
2012-12-01,06,008,Colima,0.022760074487677792
2012-12-01,06,009,Tecomán,0.02446662697585121
2012-12-01,06,060,Manzanillo,0.03238842260711993
2012-12-01,07,010,Tuxtla,0.029010989099700363
2012-12-01,07,061,Tapachula,0.03035639305978781
2012-12-01,08,011,Juárez,0.07218442307017381
2012-12-01,08,012,Chihuahua,0.07290795612671391
2012-12-01,09,013,ZMVM,0.05868625310832108
2012-12-01,10,004,La Laguna,0.03960343402828673
2012-12-01,10,062,Durango,0.04365625338859974
2012-12-01,11,014,León,-0.002509503210504918
2012-12-01,11,015,San Francisco,0.37116166847377696
2012-12-01,11,026,Pénjamo,0.006121535298369332
2012-12-01,11,063,Celaya,0.023568788150027373
2012-12-01,11,064,Guanajuato,0.07019133709866028
2012-12-01,11,065,Irapuato,-0.011260714084977468
2012-12-01,11,066,Salamanca,0.004265167215157165
2012-12-01,11,078,Moroleón,0.06279565747439135
2012-12-01,12,016,Acapulco,-0.024398428316227894
2012-12-01,12,077,Chilpancingo,0.005073977678672833
2012-12-01,13,013,ZMVM,0.19593059738403026
2012-12-01,13,017,Pachuca,0.0470330183611058
2012-12-01,13,018,Tulancingo,0.047352585802501075
2012-12-01,13,019,Tula,0.029603540843039833
2012-12-01,14,020,Guadalajara,0.01671905978577986
2012-12-01,14,021,Puerto Vallarta,0.12950083505568982
2012-12-01,14,022,Ocotlán,0.18310955432318574
2012-12-01,15,013,ZMVM,0.019870261727352085
2012-12-01,15,023,Toluca,0.07609920990279588
2012-12-01,16,024,Morelia,-0.05548296877289341
2012-12-01,16,025,Zamora,-0.005801353296775844
2012-12-01,16,026,Pénjamo,0.01010135179759284
2012-12-01,16,067,Uruapan,0.06867963245077387
2012-12-01,17,027,Cuernavaca,0.03760286452677782
2012-12-01,17,028,Cuautla,0.03900628727481111
2012-12-01,18,021,Puerto Vallarta,-0.0010096115022411828
2012-12-01,18,029,Tepic,0.01046867056409806
2012-12-01,19,030,Monterrey,0.018058527346847063
2012-12-01,20,031,Oaxaca,0.06369924479501755
2012-12-01,20,032,Tehuantepec,0.09960830307234501
2012-12-01,21,033,Puebla,0.024541742269620286
2012-12-01,21,034,Tehuacán,0.010006535748581253
2012-12-01,22,035,Querétaro,0.022479314350422247
2012-12-01,22,068,San Juan del Río,0.022160884853146854
2012-12-01,23,036,Cancún,0.02020517830439581
2012-12-01,23,076,Chetumal,0.012818844746238995
2012-12-01,24,037,San Luis,0.02697662090464184
2012-12-01,24,038,Cd. Fernández,0.0010091528774510072
2012-12-01,25,069,Los Mochis,0.3740214632518054
2012-12-01,25,070,Culiacán,-0.028191745494719096
2012-12-01,25,071,Mazatlán,-0.01237016305372319
2012-12-01,26,039,Guaymas,0.5572810649521543
2012-12-01,26,072,Cd. Obregón,0.009309798539180661
2012-12-01,26,073,Hermosillo,0.03486999639991254
2012-12-01,27,040,Villahermosa,0.028463367847950886
2012-12-01,27,074,Cárdenas,0.012700699650241482
2012-12-01,28,041,Tampico,-0.0065250104441373045
2012-12-01,28,042,Reynosa,0.04098995144700335
2012-12-01,28,043,Matamoros,-0.05383001563717316
2012-12-01,28,044,Nuevo Laredo,-0.028999562080360114
2012-12-01,28,075,Cd. Victoria,-0.025247985735491866
2012-12-01,29,033,Puebla,0.08773057086571497
2012-12-01,29,045,Tlaxcala,0.037196084396365445
2012-12-01,30,041,Tampico,0.022347845748635846
2012-12-01,30,046,Veracruz,3.496614861125205e-4
2012-12-01,30,047,Xalapa,-7.650733778458794e-4
2012-12-01,30,048,Poza Rica,0.014527118648241865
2012-12-01,30,049,Orizaba,0.03948864917241073
2012-12-01,30,050,Minatitlán,0.01734067132590393
2012-12-01,30,051,Coatzacoalcos,0.04786415789593289
2012-12-01,30,052,Córdoba,0.0073591321431248895
2012-12-01,31,053,Mérida,2.7093480052834627e-4
2012-12-01,32,054,Zacatecas,-0.03206693976007774
2013-03-01,01,001,Aguascalientes,-0.015273554360753255
2013-03-01,02,002,Tijuana,-0.039469422983471926
2013-03-01,02,003,Mexicali,-0.0346848183596708
2013-03-01,02,055,Ensenada,-0.04123923279840328
2013-03-01,03,056,La Paz,-0.032900754157758005
2013-03-01,03,057,Los Cabos,0.0036582235768066332
2013-03-01,04,058,Campeche,-0.02674511614145813
2013-03-01,04,059,Cd. del Carmen,-0.03947776066147902
2013-03-01,05,004,La Laguna,-0.010010292207198318
2013-03-01,05,005,Saltillo,-0.0306158711389383
2013-03-01,05,006,Monclova,-0.039607906774671416
2013-03-01,05,007,Piedras Negras,-0.021583522640271306
2013-03-01,06,008,Colima,-0.01748379055727283
2013-03-01,06,009,Tecomán,-0.012622782293579243
2013-03-01,06,060,Manzanillo,-0.025486998683370277
2013-03-01,07,010,Tuxtla,-0.036425268556953945
2013-03-01,07,061,Tapachula,-0.018859397957172175
2013-03-01,08,011,Juárez,-0.06319113913662933
2013-03-01,08,012,Chihuahua,-0.06597138537843612
2013-03-01,09,013,ZMVM,-0.05468294434765208
2013-03-01,10,004,La Laguna,-0.05067922666991331
2013-03-01,10,062,Durango,-0.030564725184246265
2013-03-01,11,014,León,-0.008807907059605559
2013-03-01,11,015,San Francisco,-0.3523646187978415
2013-03-01,11,026,Pénjamo,-0.11547812814751608
2013-03-01,11,063,Celaya,0.003443070836474993
2013-03-01,11,064,Guanajuato,-0.05272147544982516
2013-03-01,11,065,Irapuato,-0.006765408769550349
2013-03-01,11,066,Salamanca,0.004312489069210562
2013-03-01,11,078,Moroleón,-0.03126769564303256
2013-03-01,12,016,Acapulco,-0.031661609922910096
2013-03-01,12,077,Chilpancingo,-0.007696604814666924
2013-03-01,13,013,ZMVM,0.1770264887216216
2013-03-01,13,017,Pachuca,-0.028305769787963734
2013-03-01,13,018,Tulancingo,-0.021679808409832975
2013-03-01,13,019,Tula,-0.03548908238281608
2013-03-01,14,020,Guadalajara,-0.03182565607827117
2013-03-01,14,021,Puerto Vallarta,-0.13145402091203207
2013-03-01,14,022,Ocotlán,-0.14403648079127265
2013-03-01,15,013,ZMVM,-0.022074237992192335
2013-03-01,15,023,Toluca,-0.1071975687544913
2013-03-01,16,024,Morelia,-0.006558023680521399
2013-03-01,16,025,Zamora,0.006091174103567782
2013-03-01,16,026,Pénjamo,-0.06786231212353257
2013-03-01,16,067,Uruapan,-0.05459220112903539
2013-03-01,17,027,Cuernavaca,-0.036914191134438806
2013-03-01,17,028,Cuautla,0.001192254512647648
2013-03-01,18,021,Puerto Vallarta,0.0054831141060821525
2013-03-01,18,029,Tepic,-8.707814961633814e-4
2013-03-01,19,030,Monterrey,0.003994862363954609
2013-03-01,20,031,Oaxaca,-0.029469081703787633
2013-03-01,20,032,Tehuantepec,-0.038878198339599414
2013-03-01,21,033,Puebla,-0.007114766053537447
2013-03-01,21,034,Tehuacán,0.0026842899464622817
2013-03-01,22,035,Querétaro,-0.012681452195563011
2013-03-01,22,068,San Juan del Río,-0.0044326053562194845
2013-03-01,23,036,Cancún,0.013307978784172638
2013-03-01,23,076,Chetumal,-0.03665811841305224
2013-03-01,24,037,San Luis,-0.011125183841218196
2013-03-01,24,038,Cd. Fernández,0.007563088772288294
2013-03-01,25,069,Los Mochis,-0.07391683478790571
2013-03-01,25,070,Culiacán,-0.00337545404958924
2013-03-01,25,071,Mazatlán,0.04115404725849075
2013-03-01,26,039,Guaymas,-0.3035554698895802
2013-03-01,26,072,Cd. Obregón,-0.03940679056911466
2013-03-01,26,073,Hermosillo,0.04424224826512486
2013-03-01,27,040,Villahermosa,-0.0419709633331058
2013-03-01,27,074,Cárdenas,-0.005723962388394876
2013-03-01,28,041,Tampico,0.05581098710642748
2013-03-01,28,042,Reynosa,0.02538823909467022
2013-03-01,28,043,Matamoros,0.07914010357435655
2013-03-01,28,044,Nuevo Laredo,-0.0017247495395208672
2013-03-01,28,075,Cd. Victoria,0.054498138413634684
2013-03-01,29,033,Puebla,-0.07329765421932061
2013-03-01,29,045,Tlaxcala,-0.06914028782831247
2013-03-01,30,041,Tampico,-0.011614735902886971
2013-03-01,30,046,Veracruz,-0.0016355344965463974
2013-03-01,30,047,Xalapa,-0.0040226457597595695
2013-03-01,30,048,Poza Rica,-0.02052365131514833
2013-03-01,30,049,Orizaba,-0.0304002745162674
2013-03-01,30,050,Minatitlán,-0.0054236925354045175
2013-03-01,30,051,Coatzacoalcos,-0.03646192544616813
2013-03-01,30,052,Córdoba,-0.03418429784408884
2013-03-01,31,053,Mérida,0.0018398456870581989
2013-03-01,32,054,Zacatecas,-0.06786868912484474
2013-06-01,01,001,Aguascalientes,0.029531634323609644
2013-06-01,02,002,Tijuana,0.04423052046891359
2013-06-01,02,003,Mexicali,0.021568110907797557
2013-06-01,02,055,Ensenada,0.026435861135818223
2013-06-01,03,056,La Paz,0.004832405716430453
2013-06-01,03,057,Los Cabos,0.017847115714543057
2013-06-01,04,058,Campeche,-0.013794690739045927
2013-06-01,04,059,Cd. del Carmen,0.009658352820506052
2013-06-01,05,004,La Laguna,0.028809564999095323
2013-06-01,05,005,Saltillo,0.028236866653617163
2013-06-01,05,006,Monclova,0.015672406063251015
2013-06-01,05,007,Piedras Negras,0.1408593544041382
2013-06-01,06,008,Colima,0.0037147760684891444
2013-06-01,06,009,Tecomán,0.026421661949081368
2013-06-01,06,060,Manzanillo,0.0069713993484770646
2013-06-01,07,010,Tuxtla,0.009278416876190458
2013-06-01,07,061,Tapachula,-0.006374978348755668
2013-06-01,08,011,Juárez,0.0461900589600444
2013-06-01,08,012,Chihuahua,0.06252439361534058
2013-06-01,09,013,ZMVM,0.029085918354272565
2013-06-01,10,004,La Laguna,0.011977997728022629
2013-06-01,10,062,Durango,0.01401648332090221
2013-06-01,11,014,León,0.028065643786433232
2013-06-01,11,015,San Francisco,0.08318273763752929
2013-06-01,11,026,Pénjamo,0.1600890825065329
2013-06-01,11,063,Celaya,0.038418275113973895
2013-06-01,11,064,Guanajuato,0.04034011495285224
2013-06-01,11,065,Irapuato,0.04111690022749791
2013-06-01,11,066,Salamanca,0.02062922823531075
2013-06-01,11,078,Moroleón,0.04831519046598551
2013-06-01,12,016,Acapulco,0.0013313066676714546
2013-06-01,12,077,Chilpancingo,-0.001952131071586526
2013-06-01,13,013,ZMVM,-0.009986278100279487
2013-06-01,13,017,Pachuca,-0.003331411122238032
2013-06-01,13,018,Tulancingo,0.01297363743861746
2013-06-01,13,019,Tula,0.058804512499328374
2013-06-01,14,020,Guadalajara,0.05507722987138397
2013-06-01,14,021,Puerto Vallarta,0.004888384263780422
2013-06-01,14,022,Ocotlán,0.06439705194685585
2013-06-01,15,013,ZMVM,0.021309501677888226
2013-06-01,15,023,Toluca,0.04164639997451763
2013-06-01,16,024,Morelia,0.042485735602077405
2013-06-01,16,025,Zamora,0.03284069608695038
2013-06-01,16,026,Pénjamo,-0.021635374276135516
2013-06-01,16,067,Uruapan,-0.0017547339311806249
2013-06-01,17,027,Cuernavaca,0.022673492637066067
2013-06-01,17,028,Cuautla,0.020150698762410418
2013-06-01,18,021,Puerto Vallarta,0.04995017272323631
2013-06-01,18,029,Tepic,0.007324848986653088
2013-06-01,19,030,Monterrey,0.013707742032302118
2013-06-01,20,031,Oaxaca,-0.013201618792587078
2013-06-01,20,032,Tehuantepec,0.029337340979924673
2013-06-01,21,033,Puebla,0.008896309670245295
2013-06-01,21,034,Tehuacán,0.017979873220668935
2013-06-01,22,035,Querétaro,0.014532200355049714
2013-06-01,22,068,San Juan del Río,0.024160275805925745
2013-06-01,23,036,Cancún,0.006925202698335211
2013-06-01,23,076,Chetumal,-0.005554899534166943
2013-06-01,24,037,San Luis,0.017397094972931872
2013-06-01,24,038,Cd. Fernández,0.018237146002567615
2013-06-01,25,069,Los Mochis,-0.1459322838302824
2013-06-01,25,070,Culiacán,0.015941282148470213
2013-06-01,25,071,Mazatlán,0.037591246128786296
2013-06-01,26,039,Guaymas,0.16604966094748141
2013-06-01,26,072,Cd. Obregón,-0.03560849346110229
2013-06-01,26,073,Hermosillo,0.012674633968061474
2013-06-01,27,040,Villahermosa,0.022887292503534686
2013-06-01,27,074,Cárdenas,-5.529279773921987e-4
2013-06-01,28,041,Tampico,-0.007745178281605709
2013-06-01,28,042,Reynosa,-0.03168644263122121
2013-06-01,28,043,Matamoros,-0.03475496498130704
2013-06-01,28,044,Nuevo Laredo,-0.022740256865129524
2013-06-01,28,075,Cd. Victoria,-0.018706819787538024
2013-06-01,29,033,Puebla,0.05811382003363913
2013-06-01,29,045,Tlaxcala,0.03505795963521356
2013-06-01,30,041,Tampico,0.0057247715906251434
2013-06-01,30,046,Veracruz,-0.0022751620913970556
2013-06-01,30,047,Xalapa,-0.0012547213025561658
2013-06-01,30,048,Poza Rica,-0.008818552414282331
2013-06-01,30,049,Orizaba,0.011229974349016673
2013-06-01,30,050,Minatitlán,-0.020696951607128866
2013-06-01,30,051,Coatzacoalcos,-0.00793636355368777
2013-06-01,30,052,Córdoba,0.006506422537081034
2013-06-01,31,053,Mérida,0.010383103471959438
2013-06-01,32,054,Zacatecas,0.2110180545454764
2013-09-01,01,001,Aguascalientes,0.0046715569354031355
2013-09-01,02,002,Tijuana,-0.013544936921682916
2013-09-01,02,003,Mexicali,-0.01963618155508945
2013-09-01,02,055,Ensenada,-0.006566146600154995
2013-09-01,03,056,La Paz,-0.009586731484807076
2013-09-01,03,057,Los Cabos,-0.011379453079259454
2013-09-01,04,058,Campeche,-0.01151020205104345
2013-09-01,04,059,Cd. del Carmen,-0.003850919712282255
2013-09-01,05,004,La Laguna,-0.016154089483303456
2013-09-01,05,005,Saltillo,-0.002711846023914696
2013-09-01,05,006,Monclova,0.0035509430711178113
2013-09-01,05,007,Piedras Negras,-0.05671360734003918
2013-09-01,06,008,Colima,-0.0046566187220862774
2013-09-01,06,009,Tecomán,0.007974063144626103
2013-09-01,06,060,Manzanillo,-0.0023871702592803603
2013-09-01,07,010,Tuxtla,-0.004069756213501275
2013-09-01,07,061,Tapachula,-8.081498196623906e-4
2013-09-01,08,011,Juárez,-0.02336089757766297
2013-09-01,08,012,Chihuahua,-0.024603782492188104
2013-09-01,09,013,ZMVM,-0.007016612503292301
2013-09-01,10,004,La Laguna,0.0015388955238588389
2013-09-01,10,062,Durango,0.0027779208428576423
2013-09-01,11,014,León,0.012165479578272017
2013-09-01,11,015,San Francisco,-0.07324307409556165
2013-09-01,11,026,Pénjamo,-0.052950633261086524
2013-09-01,11,063,Celaya,0.017493029006020188
2013-09-01,11,064,Guanajuato,1.5239405381462428e-4
2013-09-01,11,065,Irapuato,0.033266338523759195
2013-09-01,11,066,Salamanca,0.0184407230004779
2013-09-01,11,078,Moroleón,0.032639192114826944
2013-09-01,12,016,Acapulco,0.013819218570504816
2013-09-01,12,077,Chilpancingo,0.0202064609691798
2013-09-01,13,013,ZMVM,-0.20973670913166
2013-09-01,13,017,Pachuca,-0.0010877457846928946
2013-09-01,13,018,Tulancingo,-0.015478705211523223
2013-09-01,13,019,Tula,0.04037994246582835
2013-09-01,14,020,Guadalajara,0.004048068151974816
2013-09-01,14,021,Puerto Vallarta,0.06885947513260202
2013-09-01,14,022,Ocotlán,0.10257606722495113
2013-09-01,15,013,ZMVM,-0.014223483607663333
2013-09-01,15,023,Toluca,0.022298080961305273
2013-09-01,16,024,Morelia,6.661658603717105e-4
2013-09-01,16,025,Zamora,0.028465745130167454
2013-09-01,16,026,Pénjamo,0.01979118474727485
2013-09-01,16,067,Uruapan,-0.027525478759141967
2013-09-01,17,027,Cuernavaca,-0.0027823055813684682
2013-09-01,17,028,Cuautla,0.0015747322660487554
2013-09-01,18,021,Puerto Vallarta,0.012075116985304984
2013-09-01,18,029,Tepic,0.012679244659195904
2013-09-01,19,030,Monterrey,0.001395630624817656
2013-09-01,20,031,Oaxaca,0.012635948349580954
2013-09-01,20,032,Tehuantepec,-0.013406947168871464
2013-09-01,21,033,Puebla,-7.485017741502105e-4
2013-09-01,21,034,Tehuacán,-0.01599622640271384
2013-09-01,22,035,Querétaro,0.01385312914904708
2013-09-01,22,068,San Juan del Río,0.013207560607489963
2013-09-01,23,036,Cancún,0.012342297965006499
2013-09-01,23,076,Chetumal,0.010477737488568417
2013-09-01,24,037,San Luis,-0.0030647475432901677
2013-09-01,24,038,Cd. Fernández,-0.0378501639209165
2013-09-01,25,069,Los Mochis,-0.19604608689631345
2013-09-01,25,070,Culiacán,-0.027225104183783273
2013-09-01,25,071,Mazatlán,-0.03280202030856825
2013-09-01,26,039,Guaymas,-0.044740168170496024
2013-09-01,26,072,Cd. Obregón,0.007989153990373914
2013-09-01,26,073,Hermosillo,-0.005972539846454863
2013-09-01,27,040,Villahermosa,0.003882337374482548
2013-09-01,27,074,Cárdenas,-0.007203694650275809
2013-09-01,28,041,Tampico,0.017954540949424985
2013-09-01,28,042,Reynosa,-0.0018288276186172467
2013-09-01,28,043,Matamoros,0.04415310964691821
2013-09-01,28,044,Nuevo Laredo,-0.0038598961521263365
2013-09-01,28,075,Cd. Victoria,0.01603573619739817
2013-09-01,29,033,Puebla,-0.05032644127482412
2013-09-01,29,045,Tlaxcala,-0.022249615556188797
2013-09-01,30,041,Tampico,-0.0475927349743605
2013-09-01,30,046,Veracruz,-0.007874899693178478
2013-09-01,30,047,Xalapa,-8.921266329355326e-4
2013-09-01,30,048,Poza Rica,-0.022776395447697214
2013-09-01,30,049,Orizaba,-0.012626424766293899
2013-09-01,30,050,Minatitlán,0.007995621818017697
2013-09-01,30,051,Coatzacoalcos,-0.013750439883317764
2013-09-01,30,052,Córdoba,0.0019330079864304287
2013-09-01,31,053,Mérida,0.024544161568642812
2013-09-01,32,054,Zacatecas,-0.05357032617461597
2013-12-01,01,001,Aguascalientes,0.04081383496675384
2013-12-01,02,002,Tijuana,0.034665785944972896
2013-12-01,02,003,Mexicali,0.04014270598101607
2013-12-01,02,055,Ensenada,0.03451127622922479
2013-12-01,03,056,La Paz,0.03218500749744097
2013-12-01,03,057,Los Cabos,0.047533657343358605
2013-12-01,04,058,Campeche,0.006308913849524233
2013-12-01,04,059,Cd. del Carmen,-0.005383664203867095
2013-12-01,05,004,La Laguna,0.026474672695039485
2013-12-01,05,005,Saltillo,0.037572076910231886
2013-12-01,05,006,Monclova,0.02294337178967216
2013-12-01,05,007,Piedras Negras,0.03364871914164749
2013-12-01,06,008,Colima,0.03704689391802855
2013-12-01,06,009,Tecomán,0.06014480892950976
2013-12-01,06,060,Manzanillo,0.03655202569016527
2013-12-01,07,010,Tuxtla,0.0323527511603157
2013-12-01,07,061,Tapachula,0.033074358181198214
2013-12-01,08,011,Juárez,0.08153332770604466
2013-12-01,08,012,Chihuahua,0.07121139288496987
2013-12-01,09,013,ZMVM,0.058205741916377444
2013-12-01,10,004,La Laguna,0.028142040064360503
2013-12-01,10,062,Durango,0.04738986816245506
2013-12-01,11,014,León,0.007128126064702044
2013-12-01,11,015,San Francisco,0.4568092137005195
2013-12-01,11,026,Pénjamo,0.013423592322830042
2013-12-01,11,063,Celaya,0.034919772198339735
2013-12-01,11,064,Guanajuato,0.0900914490306576
2013-12-01,11,065,Irapuato,0.04098484977960747
2013-12-01,11,066,Salamanca,0.024506730097120965
2013-12-01,11,078,Moroleón,0.11748561230834446
2013-12-01,12,016,Acapulco,0.015085501383360032
2013-12-01,12,077,Chilpancingo,0.024608442892832413
2013-12-01,13,013,ZMVM,0.13432969009028317
2013-12-01,13,017,Pachuca,0.039694968934539755
2013-12-01,13,018,Tulancingo,0.003368871147879115
2013-12-01,13,019,Tula,0.014179075886399176
2013-12-01,14,020,Guadalajara,0.029901002750632802
2013-12-01,14,021,Puerto Vallarta,0.14464385295828788
2013-12-01,14,022,Ocotlán,0.19633543878304266
2013-12-01,15,013,ZMVM,0.02381730621868671
2013-12-01,15,023,Toluca,0.0711016618461261
2013-12-01,16,024,Morelia,-0.027675194825506202
2013-12-01,16,025,Zamora,0.028721273573749848
2013-12-01,16,026,Pénjamo,0.051035099294011385
2013-12-01,16,067,Uruapan,0.08084027000924593
2013-12-01,17,027,Cuernavaca,0.038748587128712375
2013-12-01,17,028,Cuautla,0.031440983830560536
2013-12-01,18,021,Puerto Vallarta,0.0017881144969590472
2013-12-01,18,029,Tepic,0.018561033047675427
2013-12-01,19,030,Monterrey,0.019223076352731523
2013-12-01,20,031,Oaxaca,0.04246829549352686
2013-12-01,20,032,Tehuantepec,0.10040960140291809
2013-12-01,21,033,Puebla,0.016122681655452185
2013-12-01,21,034,Tehuacán,6.677403071281315e-4
2013-12-01,22,035,Querétaro,0.01418152715717531
2013-12-01,22,068,San Juan del Río,0.05278203326152125
2013-12-01,23,036,Cancún,-6.124341647225761e-5
2013-12-01,23,076,Chetumal,0.01287562464544506
2013-12-01,24,037,San Luis,0.01749274737828416
2013-12-01,24,038,Cd. Fernández,-0.0354407286475126
2013-12-01,25,069,Los Mochis,0.31885687186421247
2013-12-01,25,070,Culiacán,-0.0396650467907911
2013-12-01,25,071,Mazatlán,-0.055640985439561065
2013-12-01,26,039,Guaymas,0.5447861231432762
2013-12-01,26,072,Cd. Obregón,-0.0036398743623818845
2013-12-01,26,073,Hermosillo,-0.02959810044807816
2013-12-01,27,040,Villahermosa,0.025653966597298482
2013-12-01,27,074,Cárdenas,0.014886718802819596
2013-12-01,28,041,Tampico,-0.0073614492204057145
2013-12-01,28,042,Reynosa,0.05221742048612873
2013-12-01,28,043,Matamoros,-0.04988116968447989
2013-12-01,28,044,Nuevo Laredo,-0.018237988542213757
2013-12-01,28,075,Cd. Victoria,-0.0295088735813651
2013-12-01,29,033,Puebla,0.10779413343399957
2013-12-01,29,045,Tlaxcala,0.05014459121408425
2013-12-01,30,041,Tampico,-0.04896570028349141
2013-12-01,30,046,Veracruz,-0.001801615529734028
2013-12-01,30,047,Xalapa,7.037737907584691e-4
2013-12-01,30,048,Poza Rica,0.0018255483775661
2013-12-01,30,049,Orizaba,0.0308645584896869
2013-12-01,30,050,Minatitlán,0.008140175015448843
2013-12-01,30,051,Coatzacoalcos,0.04604869919965125
2013-12-01,30,052,Córdoba,0.009743143369579835
2013-12-01,31,053,Mérida,-0.0046433391976778236
2013-12-01,32,054,Zacatecas,-0.043607781231582356
2014-03-01,01,001,Aguascalientes,0.013349484017396001
2014-03-01,02,002,Tijuana,-0.0323597981408257
2014-03-01,02,003,Mexicali,-0.02948747040843375
2014-03-01,02,055,Ensenada,-0.039776416988097335
2014-03-01,03,056,La Paz,-0.08306080971021033
2014-03-01,03,057,Los Cabos,0.02544461562349275
2014-03-01,04,058,Campeche,0.0855683647045999
2014-03-01,04,059,Cd. del Carmen,-0.14890726344287558
2014-03-01,05,004,La Laguna,0.01103490081555524
2014-03-01,05,005,Saltillo,-0.011009958072168882
2014-03-01,05,006,Monclova,0.0045878030037276
2014-03-01,05,007,Piedras Negras,-0.10189145771945231
2014-03-01,06,008,Colima,-0.0012277928130417413
2014-03-01,06,009,Tecomán,0.009381392216160678
2014-03-01,06,060,Manzanillo,-0.008514432374146218
2014-03-01,07,010,Tuxtla,-0.0313775225058265
2014-03-01,07,061,Tapachula,-0.01744656709815098
2014-03-01,08,011,Juárez,-0.05765679306972167
2014-03-01,08,012,Chihuahua,-0.04180110010473325
2014-03-01,09,013,ZMVM,-0.05966116188374827
2014-03-01,10,004,La Laguna,-0.06590965178625152
2014-03-01,10,062,Durango,-0.02261384926652207
2014-03-01,11,014,León,-0.002432979276282396
2014-03-01,11,015,San Francisco,-0.33987454562670855
2014-03-01,11,026,Pénjamo,-0.10051952951905752
2014-03-01,11,063,Celaya,-0.0021678067339432746
2014-03-01,11,064,Guanajuato,-0.046391279607465113
2014-03-01,11,065,Irapuato,0.022155386187576256
2014-03-01,11,066,Salamanca,0.02445140959876466
2014-03-01,11,078,Moroleón,0.005230315029687939
2014-03-01,12,016,Acapulco,0.016068447622543343
2014-03-01,12,077,Chilpancingo,0.009536861194653913
2014-03-01,13,013,ZMVM,0.1658242342049681
2014-03-01,13,017,Pachuca,-0.005719875889185335
2014-03-01,13,018,Tulancingo,-0.027196406570716522
2014-03-01,13,019,Tula,-0.03984920085957349
2014-03-01,14,020,Guadalajara,-0.027921705916184668
2014-03-01,14,021,Puerto Vallarta,-0.10403013507199264
2014-03-01,14,022,Ocotlán,-0.15960389648018253
2014-03-01,15,013,ZMVM,-0.017104255119192325
2014-03-01,15,023,Toluca,-0.09351520368398306
2014-03-01,16,024,Morelia,0.030204255359403413
2014-03-01,16,025,Zamora,0.04493491612141215
2014-03-01,16,026,Pénjamo,-0.019191545966812534
2014-03-01,16,067,Uruapan,-0.021224325799657252
2014-03-01,17,027,Cuernavaca,-0.038088463184477464
2014-03-01,17,028,Cuautla,-0.012572613330941987
2014-03-01,18,021,Puerto Vallarta,-0.0034544689812639165
2014-03-01,18,029,Tepic,0.019826477741699038
2014-03-01,19,030,Monterrey,0.008334947752436228
2014-03-01,20,031,Oaxaca,-0.027941510595765242
2014-03-01,20,032,Tehuantepec,-0.06375672462662033
2014-03-01,21,033,Puebla,-0.009090202191191185
2014-03-01,21,034,Tehuacán,0.0010186072639360856
2014-03-01,22,035,Querétaro,-0.009147526524484365
2014-03-01,22,068,San Juan del Río,-6.348018338393296e-4
2014-03-01,23,036,Cancún,-0.004146628779223994
2014-03-01,23,076,Chetumal,-0.04289346975116808
2014-03-01,24,037,San Luis,-0.011718844129362173
2014-03-01,24,038,Cd. Fernández,0.025623768391063603
2014-03-01,25,069,Los Mochis,-0.1374504662776743
2014-03-01,25,070,Culiacán,0.18261004992715613
2014-03-01,25,071,Mazatlán,-0.007293439653167786
2014-03-01,26,039,Guaymas,-0.2440960918049225
2014-03-01,26,072,Cd. Obregón,-0.05425539342001511
2014-03-01,26,073,Hermosillo,-0.03752494112464935
2014-03-01,27,040,Villahermosa,-0.045248333312683145
2014-03-01,27,074,Cárdenas,-0.022862211968739273
2014-03-01,28,041,Tampico,0.04243668930502141
2014-03-01,28,042,Reynosa,0.030697108060004925
2014-03-01,28,043,Matamoros,0.07945248471044412
2014-03-01,28,044,Nuevo Laredo,0.0135874139649031
2014-03-01,28,075,Cd. Victoria,0.04776393826283556
2014-03-01,29,033,Puebla,-0.042468341501169675
2014-03-01,29,045,Tlaxcala,-0.049886115842026936
2014-03-01,30,041,Tampico,-0.005631587861915329
2014-03-01,30,046,Veracruz,-0.049301237892949
2014-03-01,30,047,Xalapa,0.10238960708618848
2014-03-01,30,048,Poza Rica,-0.056368001927591685
2014-03-01,30,049,Orizaba,-0.022516477662960353
2014-03-01,30,050,Minatitlán,-0.03199482659249663
2014-03-01,30,051,Coatzacoalcos,-0.08583725794448208
2014-03-01,30,052,Córdoba,-0.03242700878220596
2014-03-01,31,053,Mérida,0.002820946127405587
2014-03-01,32,054,Zacatecas,-0.040107489600256716
2014-06-01,01,001,Aguascalientes,0.04310323114514468
2014-06-01,02,002,Tijuana,0.04583519043873918
2014-06-01,02,003,Mexicali,0.03126094941700752
2014-06-01,02,055,Ensenada,0.025979031746335333
2014-06-01,03,056,La Paz,0.005353037462066428
2014-06-01,03,057,Los Cabos,0.014914252464855978
2014-06-01,04,058,Campeche,0.0015690054749945524
2014-06-01,04,059,Cd. del Carmen,0.00831463432117383
2014-06-01,05,004,La Laguna,0.012770286125501032
2014-06-01,05,005,Saltillo,0.016960914712851126
2014-06-01,05,006,Monclova,0.016474143478618405
2014-06-01,05,007,Piedras Negras,0.016019562384954167
2014-06-01,06,008,Colima,0.003207811559706982
2014-06-01,06,009,Tecomán,0.00934107866657033
2014-06-01,06,060,Manzanillo,0.018704698894347685
2014-06-01,07,010,Tuxtla,0.013736245440985426
2014-06-01,07,061,Tapachula,-0.004993424721115216
2014-06-01,08,011,Juárez,0.039596610859335885
2014-06-01,08,012,Chihuahua,0.055004662980617125
2014-06-01,09,013,ZMVM,0.029773750219444003
2014-06-01,10,004,La Laguna,0.006512861640766226
2014-06-01,10,062,Durango,0.01967941770813409
2014-06-01,11,014,León,0.028038075239637493
2014-06-01,11,015,San Francisco,0.12800822314763857
2014-06-01,11,026,Pénjamo,0.16982833690011148
2014-06-01,11,063,Celaya,0.01785190384468576
2014-06-01,11,064,Guanajuato,0.01784102546878848
2014-06-01,11,065,Irapuato,0.031428458794006166
2014-06-01,11,066,Salamanca,0.02882067002330496
2014-06-01,11,078,Moroleón,0.02735860705627557
2014-06-01,12,016,Acapulco,0.004524039002379019
2014-06-01,12,077,Chilpancingo,-0.0044360630981151025
2014-06-01,13,013,ZMVM,-0.0035112839539886776
2014-06-01,13,017,Pachuca,0.011458838368400004
2014-06-01,13,018,Tulancingo,0.027961476705670264
2014-06-01,13,019,Tula,0.05267174844390849
2014-06-01,14,020,Guadalajara,0.03981694201376067
2014-06-01,14,021,Puerto Vallarta,-0.004416109676405485
2014-06-01,14,022,Ocotlán,0.006452057827179086
2014-06-01,15,013,ZMVM,0.019422516294822965
2014-06-01,15,023,Toluca,0.044479384132323496
2014-06-01,16,024,Morelia,0.04395375050906518
2014-06-01,16,025,Zamora,0.031012417332115245
2014-06-01,16,026,Pénjamo,0.0031482742315526386
2014-06-01,16,067,Uruapan,0.016924824353556845
2014-06-01,17,027,Cuernavaca,0.010237953056373744
2014-06-01,17,028,Cuautla,0.010348935927104607
2014-06-01,18,021,Puerto Vallarta,0.020946057442717693
2014-06-01,18,029,Tepic,0.009063439464979096
2014-06-01,19,030,Monterrey,0.014428796209300659
2014-06-01,20,031,Oaxaca,-0.016418138982958574
2014-06-01,20,032,Tehuantepec,0.007217278256530609
2014-06-01,21,033,Puebla,0.0092043946326286
2014-06-01,21,034,Tehuacán,0.015393182880650216
2014-06-01,22,035,Querétaro,0.025905061638799985
2014-06-01,22,068,San Juan del Río,0.004281966668753762
2014-06-01,23,036,Cancún,0.016514196570465045
2014-06-01,23,076,Chetumal,-0.011286201580644552
2014-06-01,24,037,San Luis,0.021055794513809484
2014-06-01,24,038,Cd. Fernández,0.013425035617871476
2014-06-01,25,069,Los Mochis,-0.1385884024024039
2014-06-01,25,070,Culiacán,-0.006034369126729515
2014-06-01,25,071,Mazatlán,0.037294991373347075
2014-06-01,26,039,Guaymas,0.11274617085763276
2014-06-01,26,072,Cd. Obregón,-0.025553281251925297
2014-06-01,26,073,Hermosillo,0.018439512339902448
2014-06-01,27,040,Villahermosa,0.022797877837398464
2014-06-01,27,074,Cárdenas,3.711572861749609e-5
2014-06-01,28,041,Tampico,-0.02588281302182818
2014-06-01,28,042,Reynosa,-0.03116174775239171
2014-06-01,28,043,Matamoros,-0.07242957108429288
2014-06-01,28,044,Nuevo Laredo,-0.0023530640079068386
2014-06-01,28,075,Cd. Victoria,-0.01865977389316244
2014-06-01,29,033,Puebla,0.07894080433952341
2014-06-01,29,045,Tlaxcala,0.027647599378079403
2014-06-01,30,041,Tampico,0.020208025479332568
2014-06-01,30,046,Veracruz,8.707146553666344e-4
2014-06-01,30,047,Xalapa,-0.0016309090223770928
2014-06-01,30,048,Poza Rica,-0.011444923359441011
2014-06-01,30,049,Orizaba,0.01517793811263421
2014-06-01,30,050,Minatitlán,-0.0406926886514447
2014-06-01,30,051,Coatzacoalcos,-5.196443001529716e-4
2014-06-01,30,052,Córdoba,9.81793378094647e-4
2014-06-01,31,053,Mérida,0.01822376469813478
2014-06-01,32,054,Zacatecas,0.23848214653173408
2014-09-01,01,001,Aguascalientes,0.00665975001073549
2014-09-01,02,002,Tijuana,-0.006935792850689517
2014-09-01,02,003,Mexicali,-0.018547910485307236
2014-09-01,02,055,Ensenada,-0.00461797368612916
2014-09-01,03,056,La Paz,0.0010655320701012578
2014-09-01,03,057,Los Cabos,-0.051757554569386494
2014-09-01,04,058,Campeche,0.0010216011326789562
2014-09-01,04,059,Cd. del Carmen,0.021800994600031896
2014-09-01,05,004,La Laguna,-0.005062172841532846
2014-09-01,05,005,Saltillo,-0.03782749029457276
2014-09-01,05,006,Monclova,-0.017495647524085983
2014-09-01,05,007,Piedras Negras,-0.0031003906931006053
2014-09-01,06,008,Colima,0.00183421368136857
2014-09-01,06,009,Tecomán,-0.011620282502265551
2014-09-01,06,060,Manzanillo,0.00847854585009524
2014-09-01,07,010,Tuxtla,-0.005705321932654467
2014-09-01,07,061,Tapachula,-0.00288241236051481
2014-09-01,08,011,Juárez,-0.021682996772194013
2014-09-01,08,012,Chihuahua,-0.02729749627457136
2014-09-01,09,013,ZMVM,0.001494721683109103
2014-09-01,10,004,La Laguna,0.0085123285325219
2014-09-01,10,062,Durango,-0.0029561522994921994
2014-09-01,11,014,León,0.010519593991481991
2014-09-01,11,015,San Francisco,-0.06769344415456058
2014-09-01,11,026,Pénjamo,-0.0423400122717515
2014-09-01,11,063,Celaya,0.007914740242645033
2014-09-01,11,064,Guanajuato,-0.009455720653507894
2014-09-01,11,065,Irapuato,0.032466770113452975
2014-09-01,11,066,Salamanca,0.03249606429151518
2014-09-01,11,078,Moroleón,-0.01238635803496912
2014-09-01,12,016,Acapulco,-0.0033166970758015776
2014-09-01,12,077,Chilpancingo,-0.0030192068842359032
2014-09-01,13,013,ZMVM,-0.22985700148783406
2014-09-01,13,017,Pachuca,0.004379662045465266
2014-09-01,13,018,Tulancingo,-0.008634551433182425
2014-09-01,13,019,Tula,0.001533049480591497
2014-09-01,14,020,Guadalajara,-0.0034192732171467203
2014-09-01,14,021,Puerto Vallarta,0.059606895784035024
2014-09-01,14,022,Ocotlán,0.03661189038621634
2014-09-01,15,013,ZMVM,-0.01637376625055717
2014-09-01,15,023,Toluca,0.02477033076245344
2014-09-01,16,024,Morelia,0.0060593377882366154
2014-09-01,16,025,Zamora,-0.014899134982198116
2014-09-01,16,026,Pénjamo,0.004880598963979857
2014-09-01,16,067,Uruapan,-0.022024453939776707
2014-09-01,17,027,Cuernavaca,-0.018893758968207323
2014-09-01,17,028,Cuautla,-0.013592399062120224
2014-09-01,18,021,Puerto Vallarta,0.003679989028357026
2014-09-01,18,029,Tepic,0.0034402127334468794
2014-09-01,19,030,Monterrey,-0.002563207883223902
2014-09-01,20,031,Oaxaca,-9.557331628029201e-4
2014-09-01,20,032,Tehuantepec,-0.03648985477460763
2014-09-01,21,033,Puebla,-0.008444188499905334
2014-09-01,21,034,Tehuacán,-0.027007150615006806
2014-09-01,22,035,Querétaro,0.023642565300168502
2014-09-01,22,068,San Juan del Río,0.003639216614265632
2014-09-01,23,036,Cancún,0.016796739865211074
2014-09-01,23,076,Chetumal,0.0042757230722752435
2014-09-01,24,037,San Luis,-0.007057363434866742
2014-09-01,24,038,Cd. Fernández,-0.0549589500783576
2014-09-01,25,069,Los Mochis,-0.14794031071596495
2014-09-01,25,070,Culiacán,-0.00261747309870383
2014-09-01,25,071,Mazatlán,0.028826508802437402
2014-09-01,26,039,Guaymas,-0.15625658618230986
2014-09-01,26,072,Cd. Obregón,-0.008610232689055556
2014-09-01,26,073,Hermosillo,-0.00895766172350547
2014-09-01,27,040,Villahermosa,0.004220467660081653
2014-09-01,27,074,Cárdenas,-0.007944739711211284
2014-09-01,28,041,Tampico,0.01422085550579702
2014-09-01,28,042,Reynosa,0.027959694659777767
2014-09-01,28,043,Matamoros,0.013152998903325996
2014-09-01,28,044,Nuevo Laredo,0.017419673180187542
2014-09-01,28,075,Cd. Victoria,0.03329560538872111
2014-09-01,29,033,Puebla,-0.04688137701610229
2014-09-01,29,045,Tlaxcala,-0.041842880543807484
2014-09-01,30,041,Tampico,-0.02243164316614428
2014-09-01,30,046,Veracruz,0.002419122958857078
2014-09-01,30,047,Xalapa,-0.0028625083895604158
2014-09-01,30,048,Poza Rica,-0.007014569977158838
2014-09-01,30,049,Orizaba,-0.009708319304572437
2014-09-01,30,050,Minatitlán,0.011532228874833827
2014-09-01,30,051,Coatzacoalcos,-0.003303484893026461
2014-09-01,30,052,Córdoba,0.007953928123961824
2014-09-01,31,053,Mérida,0.01802895695376302
2014-09-01,32,054,Zacatecas,-0.017873244059812367
2014-12-01,01,001,Aguascalientes,0.0333046184913261
2014-12-01,02,002,Tijuana,0.04544504145154157
2014-12-01,02,003,Mexicali,0.0441207791578825
2014-12-01,02,055,Ensenada,0.03933754171431718
2014-12-01,03,056,La Paz,0.04818657238764213
2014-12-01,03,057,Los Cabos,0.09730659213666512
2014-12-01,04,058,Campeche,0.014829947931643819
2014-12-01,04,059,Cd. del Carmen,0.018077774620057767
2014-12-01,05,004,La Laguna,0.03550054424104841
2014-12-01,05,005,Saltillo,-0.012347175257233368
2014-12-01,05,006,Monclova,0.01662549956565528
2014-12-01,05,007,Piedras Negras,0.04746565742661388
2014-12-01,06,008,Colima,0.03133529718145616
2014-12-01,06,009,Tecomán,0.0341385210597426
2014-12-01,06,060,Manzanillo,0.04153565744159388
2014-12-01,07,010,Tuxtla,0.04078676360325418
2014-12-01,07,061,Tapachula,0.032666148530460175
2014-12-01,08,011,Juárez,0.09421527700250824
2014-12-01,08,012,Chihuahua,0.1046457092418914
2014-12-01,09,013,ZMVM,0.07496420546267854
2014-12-01,10,004,La Laguna,0.05345248630297175
2014-12-01,10,062,Durango,0.044333229316797486
2014-12-01,11,014,León,0.020302133094722286
2014-12-01,11,015,San Francisco,0.44312022425997477
2014-12-01,11,026,Pénjamo,8.00454347216883e-4
2014-12-01,11,063,Celaya,0.04145070935611972
2014-12-01,11,064,Guanajuato,0.10817165215490511
2014-12-01,11,065,Irapuato,0.04732952507563394
2014-12-01,11,066,Salamanca,0.04430041379680708
2014-12-01,11,078,Moroleón,-0.020048096352966033
2014-12-01,12,016,Acapulco,0.005876372636458588
2014-12-01,12,077,Chilpancingo,-0.004365823026618636
2014-12-01,13,013,ZMVM,0.12804019500419497
2014-12-01,13,017,Pachuca,0.046822882247092364
2014-12-01,13,018,Tulancingo,0.029215347218295554
2014-12-01,13,019,Tula,-0.0843190803411924
2014-12-01,14,020,Guadalajara,0.03850850314206687
2014-12-01,14,021,Puerto Vallarta,0.1202753511899004
2014-12-01,14,022,Ocotlán,0.11528382006731061
2014-12-01,15,013,ZMVM,0.029704574473346033
2014-12-01,15,023,Toluca,0.07977357551069841
2014-12-01,16,024,Morelia,-0.009125328957793112
2014-12-01,16,025,Zamora,0.015443080704728107
2014-12-01,16,026,Pénjamo,0.021975535815446774
2014-12-01,16,067,Uruapan,0.04288320944562139
2014-12-01,17,027,Cuernavaca,0.045820263041800424
2014-12-01,17,028,Cuautla,0.005162180979728116
2014-12-01,18,021,Puerto Vallarta,0.0356636648530977
2014-12-01,18,029,Tepic,0.007164205729303676
2014-12-01,19,030,Monterrey,0.01648542012479954
2014-12-01,20,031,Oaxaca,0.029550416815260078
2014-12-01,20,032,Tehuantepec,0.09959016500738849
2014-12-01,21,033,Puebla,0.022285940470510118
2014-12-01,21,034,Tehuacán,-0.004100340455305395
2014-12-01,22,035,Querétaro,0.036423515360320555
2014-12-01,22,068,San Juan del Río,0.04302916951326364
2014-12-01,23,036,Cancún,0.015715649281360395
2014-12-01,23,076,Chetumal,0.03724254152577339
2014-12-01,24,037,San Luis,0.0209917572677262
2014-12-01,24,038,Cd. Fernández,0.0015967116405361597
2014-12-01,25,069,Los Mochis,0.3954779157474087
2014-12-01,25,070,Culiacán,0.024605836589668844
2014-12-01,25,071,Mazatlán,-0.023812738106149773
2014-12-01,26,039,Guaymas,0.46963866442974045
2014-12-01,26,072,Cd. Obregón,0.0638194401029536
2014-12-01,26,073,Hermosillo,-0.020301024704642023
2014-12-01,27,040,Villahermosa,0.03179011470306498
2014-12-01,27,074,Cárdenas,0.017332368106773348
2014-12-01,28,041,Tampico,-0.0233461388789741
2014-12-01,28,042,Reynosa,0.06335603836410746
2014-12-01,28,043,Matamoros,-0.06890469603019211
2014-12-01,28,044,Nuevo Laredo,-9.51958506396656e-4
2014-12-01,28,075,Cd. Victoria,-0.04559490847481942
2014-12-01,29,033,Puebla,0.039539050108321955
2014-12-01,29,045,Tlaxcala,0.05929779195836277
2014-12-01,30,041,Tampico,-0.005098812499908608
2014-12-01,30,046,Veracruz,0.0035426414532116765
2014-12-01,30,047,Xalapa,-0.0028982275336934863
2014-12-01,30,048,Poza Rica,0.019133068706324117
2014-12-01,30,049,Orizaba,0.034432461753768434
2014-12-01,30,050,Minatitlán,0.022440121185162882
2014-12-01,30,051,Coatzacoalcos,0.050612079054511205
2014-12-01,30,052,Córdoba,0.018152781611543663
2014-12-01,31,053,Mérida,-0.013562652053610794
2014-12-01,32,054,Zacatecas,0.0018972287653968587
2015-03-01,01,001,Aguascalientes,-0.019390744921610612
2015-03-01,02,002,Tijuana,-0.03076532280885311
2015-03-01,02,003,Mexicali,-0.03125737371462548
2015-03-01,02,055,Ensenada,-0.03385479919426421
2015-03-01,03,056,La Paz,-0.009399365851382579
2015-03-01,03,057,Los Cabos,-0.00731594019271755
2015-03-01,04,058,Campeche,-0.09178986577265395
2015-03-01,04,059,Cd. del Carmen,0.016083657777614543
2015-03-01,05,004,La Laguna,-0.02652269759106596
2015-03-01,05,005,Saltillo,-0.05055236173999673
2015-03-01,05,006,Monclova,-0.014731103973273828
2015-03-01,05,007,Piedras Negras,0.035929058539161805
2015-03-01,06,008,Colima,-0.018917186275762363
2015-03-01,06,009,Tecomán,-0.005838268865929716
2015-03-01,06,060,Manzanillo,-0.02840444401442698
2015-03-01,07,010,Tuxtla,-0.025259760319724055
2015-03-01,07,061,Tapachula,-0.023258045854194217
2015-03-01,08,011,Juárez,-0.042998835080499294
2015-03-01,08,012,Chihuahua,-0.03777384199919333
2015-03-01,09,013,ZMVM,-0.05961948698905261
2015-03-01,10,004,La Laguna,-0.05981148606159008
2015-03-01,10,062,Durango,-0.018687241489327874
2015-03-01,11,014,León,0.006795898499757428
2015-03-01,11,015,San Francisco,-0.29573095839447133
2015-03-01,11,026,Pénjamo,-0.10105891528067477
2015-03-01,11,063,Celaya,-0.006117918648026756
2015-03-01,11,064,Guanajuato,-0.0454638225147981
2015-03-01,11,065,Irapuato,0.0148584825176918
2015-03-01,11,066,Salamanca,0.02429888149458006
2015-03-01,11,078,Moroleón,-0.02460357170189333
2015-03-01,12,016,Acapulco,0.006585496772685093
2015-03-01,12,077,Chilpancingo,-0.014665944472113052
2015-03-01,13,013,ZMVM,0.18442141727439482
2015-03-01,13,017,Pachuca,-0.02497330393986627
2015-03-01,13,018,Tulancingo,-0.0011165638175823335
2015-03-01,13,019,Tula,-0.17517888582636648
2015-03-01,14,020,Guadalajara,-0.03037778859333589
2015-03-01,14,021,Puerto Vallarta,-0.112339311071498
2015-03-01,14,022,Ocotlán,-0.20869940884907123
2015-03-01,15,013,ZMVM,-0.004204447529611376
2015-03-01,15,023,Toluca,-0.08718846904702289
2015-03-01,16,024,Morelia,-0.003937740993466928
2015-03-01,16,025,Zamora,-0.01123525533532245
2015-03-01,16,026,Pénjamo,-0.03524975717737829
2015-03-01,16,067,Uruapan,-0.10139690961667555
2015-03-01,17,027,Cuernavaca,-0.03716477305621727
2015-03-01,17,028,Cuautla,-0.023855325605848694
2015-03-01,18,021,Puerto Vallarta,0.0385373416385791
2015-03-01,18,029,Tepic,6.424984757955743e-5
2015-03-01,19,030,Monterrey,0.006629837423734082
2015-03-01,20,031,Oaxaca,0.008984773859521615
2015-03-01,20,032,Tehuantepec,-0.06959711411820181
2015-03-01,21,033,Puebla,-0.01678191527316011
2015-03-01,21,034,Tehuacán,0.017845449425226673
2015-03-01,22,035,Querétaro,0.005041471571927027
2015-03-01,22,068,San Juan del Río,0.014076613721585465
2015-03-01,23,036,Cancún,0.020063985108333897
2015-03-01,23,076,Chetumal,-0.009278317119628524
2015-03-01,24,037,San Luis,-0.013076413378304433
2015-03-01,24,038,Cd. Fernández,0.009300453973728888
2015-03-01,25,069,Los Mochis,-0.11027887927951587
2015-03-01,25,070,Culiacán,0.19117962523668705
2015-03-01,25,071,Mazatlán,-0.052252695232709964
2015-03-01,26,039,Guaymas,-0.2608914593739295
2015-03-01,26,072,Cd. Obregón,0.09907656481416413
2015-03-01,26,073,Hermosillo,0.031880748889690363
2015-03-01,27,040,Villahermosa,-0.0470118066170389
2015-03-01,27,074,Cárdenas,-0.03611746430206784
2015-03-01,28,041,Tampico,0.030349511036652854
2015-03-01,28,042,Reynosa,0.003679985808699615
2015-03-01,28,043,Matamoros,0.05927375451006526
2015-03-01,28,044,Nuevo Laredo,0.008138870337386842
2015-03-01,28,075,Cd. Victoria,0.03159985814247148
2015-03-01,29,033,Puebla,-0.09252028925332204
2015-03-01,29,045,Tlaxcala,-0.03366066965926622
2015-03-01,30,041,Tampico,-0.013134119337607835
2015-03-01,30,046,Veracruz,-0.019207187046287346
2015-03-01,30,047,Xalapa,0.0351360871752832
2015-03-01,30,048,Poza Rica,-0.03608558802267878
2015-03-01,30,049,Orizaba,-0.028663217943996264
2015-03-01,30,050,Minatitlán,0.0017421430835674887
2015-03-01,30,051,Coatzacoalcos,-0.0467223184280339
2015-03-01,30,052,Córdoba,-0.029851629787801072
2015-03-01,31,053,Mérida,0.003734517839883504
2015-03-01,32,054,Zacatecas,-0.11955524811994042
2015-06-01,01,001,Aguascalientes,0.02290797796153072
2015-06-01,02,002,Tijuana,0.045785447691591215
2015-06-01,02,003,Mexicali,0.029269007220575197
2015-06-01,02,055,Ensenada,0.034805700709070075
2015-06-01,03,056,La Paz,-0.013925609029017749
2015-06-01,03,057,Los Cabos,0.009793667998813317
2015-06-01,04,058,Campeche,-0.0035402219796715068
2015-06-01,04,059,Cd. del Carmen,-0.01881764593604303
2015-06-01,05,004,La Laguna,0.01342144431956695
2015-06-01,05,005,Saltillo,0.026964113732300454
2015-06-01,05,006,Monclova,0.019378590135917393
2015-06-01,05,007,Piedras Negras,0.08146453192512881
2015-06-01,06,008,Colima,0.008208763149916176
2015-06-01,06,009,Tecomán,0.017991995793830082
2015-06-01,06,060,Manzanillo,0.007495907327647768
2015-06-01,07,010,Tuxtla,0.015827152536062282
2015-06-01,07,061,Tapachula,-0.009124553448843546
2015-06-01,08,011,Juárez,0.0643278447547817
2015-06-01,08,012,Chihuahua,0.05683148040608215
2015-06-01,09,013,ZMVM,0.01837494191008126
2015-06-01,10,004,La Laguna,-0.0019528189060563075
2015-06-01,10,062,Durango,0.019953854540428903
2015-06-01,11,014,León,0.031813850124482006
2015-06-01,11,015,San Francisco,0.16564598652331153
2015-06-01,11,026,Pénjamo,0.17537346515192212
2015-06-01,11,063,Celaya,3.258082733135091e-4
2015-06-01,11,064,Guanajuato,0.01875984388494189
2015-06-01,11,065,Irapuato,0.021774260597659276
2015-06-01,11,066,Salamanca,0.021317321548604655
2015-06-01,11,078,Moroleón,0.04016588620490544
2015-06-01,12,016,Acapulco,-0.004022228037858969
2015-06-01,12,077,Chilpancingo,-0.01481133816918619
2015-06-01,13,013,ZMVM,-0.12322674284287534
2015-06-01,13,017,Pachuca,-0.00765020745863428
2015-06-01,13,018,Tulancingo,0.01438350770576018
2015-06-01,13,019,Tula,0.014356926678150207
2015-06-01,14,020,Guadalajara,0.032646276518338055
2015-06-01,14,021,Puerto Vallarta,-0.036612752036394254
2015-06-01,14,022,Ocotlán,-0.0215603194913462
2015-06-01,15,013,ZMVM,0.025198951423428383
2015-06-01,15,023,Toluca,0.04863831912046683
2015-06-01,16,024,Morelia,0.0357845319869601
2015-06-01,16,025,Zamora,-0.029789465746621797
2015-06-01,16,026,Pénjamo,-0.026529795705108286
2015-06-01,16,067,Uruapan,-0.011896040874131068
2015-06-01,17,027,Cuernavaca,9.705555728670837e-4
2015-06-01,17,028,Cuautla,0.014182815566541272
2015-06-01,18,021,Puerto Vallarta,0.03849433888717633
2015-06-01,18,029,Tepic,0.005443028430064841
2015-06-01,19,030,Monterrey,0.015487211626834425
2015-06-01,20,031,Oaxaca,-0.006550466194756154
2015-06-01,20,032,Tehuantepec,-0.006490433362247719
2015-06-01,21,033,Puebla,-0.013057922238726023
2015-06-01,21,034,Tehuacán,0.00882213862312525
2015-06-01,22,035,Querétaro,0.024246239963082998
2015-06-01,22,068,San Juan del Río,0.021116926053480457
2015-06-01,23,036,Cancún,0.01304709232624952
2015-06-01,23,076,Chetumal,6.446094954646378e-4
2015-06-01,24,037,San Luis,0.009791341857452639
2015-06-01,24,038,Cd. Fernández,0.006241687491168925
2015-06-01,25,069,Los Mochis,-0.11095537169493182
2015-06-01,25,070,Culiacán,-0.013496858306457095
2015-06-01,25,071,Mazatlán,-0.032908736143462874
2015-06-01,26,039,Guaymas,0.058473351576249624
2015-06-01,26,072,Cd. Obregón,0.0524318767445284
2015-06-01,26,073,Hermosillo,0.005026724154930562
2015-06-01,27,040,Villahermosa,0.02340233391550034
2015-06-01,27,074,Cárdenas,5.410399640598377e-4
2015-06-01,28,041,Tampico,-0.0177928600642131
2015-06-01,28,042,Reynosa,-0.05036327273191318
2015-06-01,28,043,Matamoros,-0.05489353546080359
2015-06-01,28,044,Nuevo Laredo,-0.0034499803838230507
2015-06-01,28,075,Cd. Victoria,-0.01311944340231495
2015-06-01,29,033,Puebla,0.05160512483778801
2015-06-01,29,045,Tlaxcala,0.06571457585942085
2015-06-01,30,041,Tampico,0.007382577257687029
2015-06-01,30,046,Veracruz,-6.25110429561018e-4
2015-06-01,30,047,Xalapa,-0.0013655608930255414
2015-06-01,30,048,Poza Rica,2.9411591767396455e-4
2015-06-01,30,049,Orizaba,0.017985055731445078
2015-06-01,30,050,Minatitlán,-0.013519649087151944
2015-06-01,30,051,Coatzacoalcos,0.0014930053220038487
2015-06-01,30,052,Córdoba,0.004794336978108555
2015-06-01,31,053,Mérida,0.015876622317753795
2015-06-01,32,054,Zacatecas,0.2022102240968546
2015-09-01,01,001,Aguascalientes,-0.003365442312894474
2015-09-01,02,002,Tijuana,0.0028949648003283234
2015-09-01,02,003,Mexicali,-0.014158743598654579
2015-09-01,02,055,Ensenada,8.644055089090639e-4
2015-09-01,03,056,La Paz,-0.01305613635885623
2015-09-01,03,057,Los Cabos,-0.030175040036784295
2015-09-01,04,058,Campeche,-0.0061034677493432546
2015-09-01,04,059,Cd. del Carmen,-0.034137893134699324
2015-09-01,05,004,La Laguna,0.001589490841209803
2015-09-01,05,005,Saltillo,0.009326230129555833
2015-09-01,05,006,Monclova,0.0022200904346304307
2015-09-01,05,007,Piedras Negras,0.013565533693915131
2015-09-01,06,008,Colima,0.003205084295891259
2015-09-01,06,009,Tecomán,-6.132995254652346e-4
2015-09-01,06,060,Manzanillo,0.0036479492333657388
2015-09-01,07,010,Tuxtla,-5.43610589228227e-4
2015-09-01,07,061,Tapachula,-0.00578904480285729
2015-09-01,08,011,Juárez,-1.7891033035172905e-4
2015-09-01,08,012,Chihuahua,-0.02142083301826761
2015-09-01,09,013,ZMVM,0.0018153899096970412
2015-09-01,10,004,La Laguna,0.013801646642595387
2015-09-01,10,062,Durango,-0.004489908332052665
2015-09-01,11,014,León,0.0076148056774271505
2015-09-01,11,015,San Francisco,-0.05647196267312261
2015-09-01,11,026,Pénjamo,-0.02377256547848656
2015-09-01,11,063,Celaya,-0.0034715864526085856
2015-09-01,11,064,Guanajuato,-0.02079680859397156
2015-09-01,11,065,Irapuato,0.0010326514550094527
2015-09-01,11,066,Salamanca,0.009777325156356247
2015-09-01,11,078,Moroleón,0.11224201678470729
2015-09-01,12,016,Acapulco,-0.00861356735942166
2015-09-01,12,077,Chilpancingo,-1.8209120544451427e-4
2015-09-01,13,013,ZMVM,-0.2890022614926532
2015-09-01,13,017,Pachuca,0.010283097484470198
2015-09-01,13,018,Tulancingo,0.007744400448391689
2015-09-01,13,019,Tula,0.02965928391103855
2015-09-01,14,020,Guadalajara,-0.001473139089509508
2015-09-01,14,021,Puerto Vallarta,0.05051974890486366
2015-09-01,14,022,Ocotlán,0.03289086575131991
2015-09-01,15,013,ZMVM,-0.010651199032798264
2015-09-01,15,023,Toluca,0.027004093382013594
2015-09-01,16,024,Morelia,0.012287126882819136
2015-09-01,16,025,Zamora,-0.018283179745298073
2015-09-01,16,026,Pénjamo,0.0024989547466785925
2015-09-01,16,067,Uruapan,-0.02594364771036737
2015-09-01,17,027,Cuernavaca,-0.008376153059293326
2015-09-01,17,028,Cuautla,-0.0012627204525335737
2015-09-01,18,021,Puerto Vallarta,0.005384387986843851
2015-09-01,18,029,Tepic,0.010837663535866753
2015-09-01,19,030,Monterrey,2.7508060616083315e-4
2015-09-01,20,031,Oaxaca,0.015053603960896118
2015-09-01,20,032,Tehuantepec,-0.022953395849127665
2015-09-01,21,033,Puebla,9.477098321483146e-4
2015-09-01,21,034,Tehuacán,-0.0015623512735044654
2015-09-01,22,035,Querétaro,0.018198543135173047
2015-09-01,22,068,San Juan del Río,0.016572474860920762
2015-09-01,23,036,Cancún,0.014650001370951085
2015-09-01,23,076,Chetumal,0.0037149307711283512
2015-09-01,24,037,San Luis,0.005355863891188737
2015-09-01,24,038,Cd. Fernández,-0.010123913691070584
2015-09-01,25,069,Los Mochis,-0.11335116835355408
2015-09-01,25,070,Culiacán,0.01356013604959871
2015-09-01,25,071,Mazatlán,0.055503366881852166
2015-09-01,26,039,Guaymas,-0.05190327790072801
2015-09-01,26,072,Cd. Obregón,-0.03434346187258968
2015-09-01,26,073,Hermosillo,-0.012713952339527783
2015-09-01,27,040,Villahermosa,0.01007582309091222
2015-09-01,27,074,Cárdenas,-0.009434394832390542
2015-09-01,28,041,Tampico,0.004898300152013006
2015-09-01,28,042,Reynosa,0.009386139939918863
2015-09-01,28,043,Matamoros,0.04703966917888826
2015-09-01,28,044,Nuevo Laredo,0.018251465135313564
2015-09-01,28,075,Cd. Victoria,0.04397709253117771
2015-09-01,29,033,Puebla,-0.05113691039433585
2015-09-01,29,045,Tlaxcala,-0.026930918209181334
2015-09-01,30,041,Tampico,-0.021233018502300537
2015-09-01,30,046,Veracruz,-0.0013688516614853985
2015-09-01,30,047,Xalapa,-3.0625108442136964e-4
2015-09-01,30,048,Poza Rica,-0.008621360177854693
2015-09-01,30,049,Orizaba,-0.006225491024006985
2015-09-01,30,050,Minatitlán,-0.0018608310323576858
2015-09-01,30,051,Coatzacoalcos,-0.014335833942465999
2015-09-01,30,052,Córdoba,0.0071305021766246215
2015-09-01,31,053,Mérida,0.023914511623693548
2015-09-01,32,054,Zacatecas,-0.03134882131382293
2015-12-01,01,001,Aguascalientes,0.017400434615750672
2015-12-01,02,002,Tijuana,0.040474959462516016
2015-12-01,02,003,Mexicali,0.04867853193969347
2015-12-01,02,055,Ensenada,0.02780738219157928
2015-12-01,03,056,La Paz,0.07354947434302674
2015-12-01,03,057,Los Cabos,0.09800485428057651
2015-12-01,04,058,Campeche,0.009892278308185743
2015-12-01,04,059,Cd. del Carmen,-0.030923305730554324
2015-12-01,05,004,La Laguna,0.012176356181515115
2015-12-01,05,005,Saltillo,0.030595480780340585
2015-12-01,05,006,Monclova,0.013325756270146906
2015-12-01,05,007,Piedras Negras,0.007687774312729879
2015-12-01,06,008,Colima,0.02788084073846586
2015-12-01,06,009,Tecomán,0.029469496273610524
2015-12-01,06,060,Manzanillo,0.04001821824792188
2015-12-01,07,010,Tuxtla,0.05072927660785786
2015-12-01,07,061,Tapachula,0.035530645317693225
2015-12-01,08,011,Juárez,0.0853856862320173
2015-12-01,08,012,Chihuahua,0.09288954074547298
2015-12-01,09,013,ZMVM,0.07232019548272663
2015-12-01,10,004,La Laguna,0.08878307680944081
2015-12-01,10,062,Durango,0.050326745772875985
2015-12-01,11,014,León,0.010877728056674854
2015-12-01,11,015,San Francisco,0.3687289865844432
2015-12-01,11,026,Pénjamo,-0.015793986057696816
2015-12-01,11,063,Celaya,0.03164601273117246
2015-12-01,11,064,Guanajuato,0.08541022610975994
2015-12-01,11,065,Irapuato,-0.009002536176439271
2015-12-01,11,066,Salamanca,0.02001055879379042
2015-12-01,11,078,Moroleón,0.16594160185721496
2015-12-01,12,016,Acapulco,-0.0030400218628917667
2015-12-01,12,077,Chilpancingo,0.002695944514488636
2015-12-01,13,013,ZMVM,0.3900204227198137
2015-12-01,13,017,Pachuca,0.1530023440024364
2015-12-01,13,018,Tulancingo,0.051657627544883754
2015-12-01,13,019,Tula,0.09128943433467672
2015-12-01,14,020,Guadalajara,0.031023500529097477
2015-12-01,14,021,Puerto Vallarta,0.11670249124479135
2015-12-01,14,022,Ocotlán,0.09731491779041593
2015-12-01,15,013,ZMVM,0.026130098247564626
2015-12-01,15,023,Toluca,0.08320097754572771
2015-12-01,16,024,Morelia,-0.016074952303793966
2015-12-01,16,025,Zamora,0.0023923670663929327
2015-12-01,16,026,Pénjamo,0.032784691646442196
2015-12-01,16,067,Uruapan,0.06131007592323056
2015-12-01,17,027,Cuernavaca,0.0512441390237703
2015-12-01,17,028,Cuautla,0.018163584392254038
2015-12-01,18,021,Puerto Vallarta,0.009507328282916689
2015-12-01,18,029,Tepic,0.0038324789893599874
2015-12-01,19,030,Monterrey,0.014110094792759252
2015-12-01,20,031,Oaxaca,8.521536574907043e-4
2015-12-01,20,032,Tehuantepec,0.1317866429396633
2015-12-01,21,033,Puebla,0.0807500753746735
2015-12-01,21,034,Tehuacán,0.021977111982047246
2015-12-01,22,035,Querétaro,0.02766686907823345
2015-12-01,22,068,San Juan del Río,0.048954169111386406
2015-12-01,23,036,Cancún,0.02122705302781818
2015-12-01,23,076,Chetumal,0.007625841631266553
2015-12-01,24,037,San Luis,0.05436155829796319
2015-12-01,24,038,Cd. Fernández,0.053644191337370396
2015-12-01,25,069,Los Mochis,0.48627636648074163
2015-12-01,25,070,Culiacán,0.028533067183208215
2015-12-01,25,071,Mazatlán,0.11286799152982545
2015-12-01,26,039,Guaymas,0.6319135584805781
2015-12-01,26,072,Cd. Obregón,-0.031161571446858084
2015-12-01,26,073,Hermosillo,0.009165871723136789
2015-12-01,27,040,Villahermosa,0.03224897210563908
2015-12-01,27,074,Cárdenas,0.015541227636310611
2015-12-01,28,041,Tampico,-0.04064317031075679
2015-12-01,28,042,Reynosa,0.025934165062559685
2015-12-01,28,043,Matamoros,-0.15761561317770306
2015-12-01,28,044,Nuevo Laredo,-0.013438333665057025
2015-12-01,28,075,Cd. Victoria,-0.035354671017737184
2015-12-01,29,033,Puebla,0.0020218936263135187
2015-12-01,29,045,Tlaxcala,0.05771134968890933
2015-12-01,30,041,Tampico,0.021653287442898916
2015-12-01,30,046,Veracruz,-0.001116319743102584
2015-12-01,30,047,Xalapa,8.671796612083097e-4
2015-12-01,30,048,Poza Rica,0.016384457837820835
2015-12-01,30,049,Orizaba,0.033520600197345714
2015-12-01,30,050,Minatitlán,0.007125627301328068
2015-12-01,30,051,Coatzacoalcos,0.04687452148320057
2015-12-01,30,052,Córdoba,0.01893052768731484
2015-12-01,31,053,Mérida,0.025303994442551377
2015-12-01,32,054,Zacatecas,-0.010602702908095039
2016-03-01,01,001,Aguascalientes,-0.020604870019836154
2016-03-01,02,002,Tijuana,-0.043892111790415404
2016-03-01,02,003,Mexicali,-0.048358437687098535
2016-03-01,02,055,Ensenada,-0.03754244511497159
2016-03-01,03,056,La Paz,0.010816912766402802
2016-03-01,03,057,Los Cabos,-0.03437715338287607
2016-03-01,04,058,Campeche,-0.21686122178423647
2016-03-01,04,059,Cd. del Carmen,-0.08182392479426806
2016-03-01,05,004,La Laguna,-0.024052067459356494
2016-03-01,05,005,Saltillo,-0.022826900070886363
2016-03-01,05,006,Monclova,-0.053905355990509864
2016-03-01,05,007,Piedras Negras,-0.06874822822724273
2016-03-01,06,008,Colima,-0.011321621823435796
2016-03-01,06,009,Tecomán,-0.02800270345895612
2016-03-01,06,060,Manzanillo,-0.019906530078200233
2016-03-01,07,010,Tuxtla,-0.02531727584656547
2016-03-01,07,061,Tapachula,-0.026628509635661934
2016-03-01,08,011,Juárez,-0.051312109854064786
2016-03-01,08,012,Chihuahua,-0.05695664344294954
2016-03-01,09,013,ZMVM,-0.1113068317973946
2016-03-01,10,004,La Laguna,-0.04306978577061685
2016-03-01,10,062,Durango,-0.0570707183970114
2016-03-01,11,014,León,-0.012086211768321763
2016-03-01,11,015,San Francisco,-0.2950195804674478
2016-03-01,11,026,Pénjamo,-0.11023608690511365
2016-03-01,11,063,Celaya,-0.01634242364795761
2016-03-01,11,064,Guanajuato,-0.061419312711498586
2016-03-01,11,065,Irapuato,-0.01626140749250648
2016-03-01,11,066,Salamanca,-0.005877964789565404
2016-03-01,11,078,Moroleón,-0.12534801261253806
2016-03-01,12,016,Acapulco,-0.008118328813700199
2016-03-01,12,077,Chilpancingo,-0.01370001019377121
2016-03-01,13,013,ZMVM,0.33483906693301163
2016-03-01,13,017,Pachuca,-0.06402943443802563
2016-03-01,13,018,Tulancingo,-0.03267672864202643
2016-03-01,13,019,Tula,-0.0726324007925327
2016-03-01,14,020,Guadalajara,-0.04285090444143492
2016-03-01,14,021,Puerto Vallarta,-0.09371422145155137
2016-03-01,14,022,Ocotlán,-0.2208241543906848
2016-03-01,15,013,ZMVM,-0.01546228610921676
2016-03-01,15,023,Toluca,-0.09937195096444398
2016-03-01,16,024,Morelia,-0.017861759075804052
2016-03-01,16,025,Zamora,-0.020504715517382883
2016-03-01,16,026,Pénjamo,-0.0345507259212061
2016-03-01,16,067,Uruapan,-0.09251436953021223
2016-03-01,17,027,Cuernavaca,-0.0354312952750311
2016-03-01,17,028,Cuautla,-0.02417125530300867
2016-03-01,18,021,Puerto Vallarta,0.011258947956017914
2016-03-01,18,029,Tepic,-0.005243681232533033
2016-03-01,19,030,Monterrey,0.0017000600355336732
2016-03-01,20,031,Oaxaca,0.027804960052045653
2016-03-01,20,032,Tehuantepec,-0.06737859706566521
2016-03-01,21,033,Puebla,-0.023518420825269313
2016-03-01,21,034,Tehuacán,0.07134952798508613
2016-03-01,22,035,Querétaro,-0.009790044797394603
2016-03-01,22,068,San Juan del Río,0.006647662349908332
2016-03-01,23,036,Cancún,0.015302703833024
2016-03-01,23,076,Chetumal,-0.07731040155158758
2016-03-01,24,037,San Luis,-0.023698597426577702
2016-03-01,24,038,Cd. Fernández,0.025548997680231507
2016-03-01,25,069,Los Mochis,-0.07896494080844041
2016-03-01,25,070,Culiacán,-0.03690452479048198
2016-03-01,25,071,Mazatlán,0.017573830512051282
2016-03-01,26,039,Guaymas,-0.22917705973329452
2016-03-01,26,072,Cd. Obregón,-0.008150263722949802
2016-03-01,26,073,Hermosillo,-0.017106780604314392
2016-03-01,27,040,Villahermosa,-0.05516868053914176
2016-03-01,27,074,Cárdenas,-0.010221492384619835
2016-03-01,28,041,Tampico,0.03507262417922218
2016-03-01,28,042,Reynosa,0.016231353904756708
2016-03-01,28,043,Matamoros,0.0742778578781582
2016-03-01,28,044,Nuevo Laredo,0.015701156621188442
2016-03-01,28,075,Cd. Victoria,0.046786538112486654
2016-03-01,29,033,Puebla,-0.12535601344988584
2016-03-01,29,045,Tlaxcala,-0.04571424774691587
2016-03-01,30,041,Tampico,-0.03461586368037768
2016-03-01,30,046,Veracruz,-0.011605008310883205
2016-03-01,30,047,Xalapa,-0.08643562136462976
2016-03-01,30,048,Poza Rica,-0.042058724467512215
2016-03-01,30,049,Orizaba,-0.05170966371841819
2016-03-01,30,050,Minatitlán,-0.005554667401570802
2016-03-01,30,051,Coatzacoalcos,-0.059084924638575585
2016-03-01,30,052,Córdoba,-0.037805968764505295
2016-03-01,31,053,Mérida,-0.015824312794738518
2016-03-01,32,054,Zacatecas,-0.14680763719850334
2016-06-01,01,001,Aguascalientes,0.029548114230841974
2016-06-01,02,002,Tijuana,0.04061436811478942
2016-06-01,02,003,Mexicali,0.017424398070077205
2016-06-01,02,055,Ensenada,0.03720686141964018
2016-06-01,03,056,La Paz,-0.009490375875264603
2016-06-01,03,057,Los Cabos,0.006017565585497082
2016-06-01,04,058,Campeche,-0.012499916179545156
2016-06-01,04,059,Cd. del Carmen,-0.05500041019067123
2016-06-01,05,004,La Laguna,0.00299033786753087
2016-06-01,05,005,Saltillo,0.038479167471456854
2016-06-01,05,006,Monclova,-0.048521802795350205
2016-06-01,05,007,Piedras Negras,-0.013040384749056243
2016-06-01,06,008,Colima,0.010661410178570254
2016-06-01,06,009,Tecomán,-0.0018941797130591733
2016-06-01,06,060,Manzanillo,0.020915566969842436
2016-06-01,07,010,Tuxtla,0.015300871259453118
2016-06-01,07,061,Tapachula,-0.011244906195313532
2016-06-01,08,011,Juárez,0.05956007543513823
2016-06-01,08,012,Chihuahua,0.05881879044118496
2016-06-01,09,013,ZMVM,0.015380062075835348
2016-06-01,10,004,La Laguna,0.0019143590075409362
2016-06-01,10,062,Durango,0.014327728314177576
2016-06-01,11,014,León,0.019921040864697058
2016-06-01,11,015,San Francisco,0.19459757302328284
2016-06-01,11,026,Pénjamo,0.17183530149880885
2016-06-01,11,063,Celaya,4.4698813594800844e-4
2016-06-01,11,064,Guanajuato,0.027579547852567513
2016-06-01,11,065,Irapuato,0.013776902430641079
2016-06-01,11,066,Salamanca,-0.003816627951009701
2016-06-01,11,078,Moroleón,0.019053335579788253
2016-06-01,12,016,Acapulco,-0.012600950574628206
2016-06-01,12,077,Chilpancingo,-0.0195594845946694
2016-06-01,13,013,ZMVM,0.022037921547961557
2016-06-01,13,017,Pachuca,-0.05821685676748787
2016-06-01,13,018,Tulancingo,-0.08978197885189719
2016-06-01,13,019,Tula,0.07556986373341074
2016-06-01,14,020,Guadalajara,0.036085798844509416
2016-06-01,14,021,Puerto Vallarta,-0.030820877643345443
2016-06-01,14,022,Ocotlán,-0.005834282686624903
2016-06-01,15,013,ZMVM,0.01938661855197874
2016-06-01,15,023,Toluca,0.04192373841526069
2016-06-01,16,024,Morelia,0.01819442622813838
2016-06-01,16,025,Zamora,-0.008239649181515554
2016-06-01,16,026,Pénjamo,-0.024008301613806675
2016-06-01,16,067,Uruapan,-0.005090789239286849
2016-06-01,17,027,Cuernavaca,0.012931239272207688
2016-06-01,17,028,Cuautla,0.007261036136172993
2016-06-01,18,021,Puerto Vallarta,0.025300669845551432
2016-06-01,18,029,Tepic,-0.006881155209518042
2016-06-01,19,030,Monterrey,0.016210711513164014
2016-06-01,20,031,Oaxaca,-0.03707199318616217
2016-06-01,20,032,Tehuantepec,-0.01682064837448965
2016-06-01,21,033,Puebla,-0.02564046160750976
2016-06-01,21,034,Tehuacán,0.02153770567335998
2016-06-01,22,035,Querétaro,0.02969277175698995
2016-06-01,22,068,San Juan del Río,0.014662268835307529
2016-06-01,23,036,Cancún,0.013161489554582018
2016-06-01,23,076,Chetumal,0.012787118373180134
2016-06-01,24,037,San Luis,-0.009957892612969728
2016-06-01,24,038,Cd. Fernández,-0.0035453275523014017
2016-06-01,25,069,Los Mochis,-0.11708214466715024
2016-06-01,25,070,Culiacán,-0.04526768435259215
2016-06-01,25,071,Mazatlán,-0.010424636789929425
2016-06-01,26,039,Guaymas,-0.042111105154985985
2016-06-01,26,072,Cd. Obregón,0.013717443459085927
2016-06-01,26,073,Hermosillo,-0.01967455755581131
2016-06-01,27,040,Villahermosa,0.017772538742214905
2016-06-01,27,074,Cárdenas,2.754557582989748e-4
2016-06-01,28,041,Tampico,-0.031132678470559057
2016-06-01,28,042,Reynosa,-0.04383136301953597
2016-06-01,28,043,Matamoros,-0.04840485821885309
2016-06-01,28,044,Nuevo Laredo,0.0075402629503105115
2016-06-01,28,075,Cd. Victoria,-0.0316869578880707
2016-06-01,29,033,Puebla,0.05841091581098623
2016-06-01,29,045,Tlaxcala,0.07556183336987142
2016-06-01,30,041,Tampico,-0.012286526380971812
2016-06-01,30,046,Veracruz,-0.013331414082084306
2016-06-01,30,047,Xalapa,-0.0033832491634866765
2016-06-01,30,048,Poza Rica,-0.013577882238283198
2016-06-01,30,049,Orizaba,0.008101990328656949
2016-06-01,30,050,Minatitlán,-0.016600687694496664
2016-06-01,30,051,Coatzacoalcos,-0.005488801046905386
2016-06-01,30,052,Córdoba,-0.009930234273399653
2016-06-01,31,053,Mérida,0.012874759125728986
2016-06-01,32,054,Zacatecas,0.15358927518511797
2016-09-01,01,001,Aguascalientes,0.004836967669447184
2016-09-01,02,002,Tijuana,0.0011219158318998524
2016-09-01,02,003,Mexicali,-0.01868156689523072
2016-09-01,02,055,Ensenada,0.005385863770315018
2016-09-01,03,056,La Paz,-0.022487942960609637
2016-09-01,03,057,Los Cabos,-0.011521299758242946
2016-09-01,04,058,Campeche,-0.017613370549205833
2016-09-01,04,059,Cd. del Carmen,-0.057036755884994454
2016-09-01,05,004,La Laguna,-0.008884539541836949
2016-09-01,05,005,Saltillo,-0.01577898840766116
2016-09-01,05,006,Monclova,-0.050632612212542324
2016-09-01,05,007,Piedras Negras,-0.04423462421837272
2016-09-01,06,008,Colima,-6.433250444209277e-4
2016-09-01,06,009,Tecomán,0.001622426902114684
2016-09-01,06,060,Manzanillo,0.0060854206120521705
2016-09-01,07,010,Tuxtla,-0.0023987821178450388
2016-09-01,07,061,Tapachula,-0.0045652552373129955
2016-09-01,08,011,Juárez,4.28941667765346e-4
2016-09-01,08,012,Chihuahua,-0.01232769258827134
2016-09-01,09,013,ZMVM,-0.01671279004028369
2016-09-01,10,004,La Laguna,0.0013094346084695826
2016-09-01,10,062,Durango,-0.004749908998281091
2016-09-01,11,014,León,-0.002681269846343158
2016-09-01,11,015,San Francisco,-0.028065502209146956
2016-09-01,11,026,Pénjamo,-0.0059335376503922245
2016-09-01,11,063,Celaya,-0.018514109058936915
2016-09-01,11,064,Guanajuato,-0.038378711264430765
2016-09-01,11,065,Irapuato,-0.010881470474481212
2016-09-01,11,066,Salamanca,-0.005583423126752267
2016-09-01,11,078,Moroleón,0.09422127377869195
2016-09-01,12,016,Acapulco,0.014256567755025821
2016-09-01,12,077,Chilpancingo,-0.003073199971052442
2016-09-01,13,013,ZMVM,-0.3237290608686559
2016-09-01,13,017,Pachuca,0.008612291543215349
2016-09-01,13,018,Tulancingo,0.011345249346942822
2016-09-01,13,019,Tula,0.026890956970909846
2016-09-01,14,020,Guadalajara,0.009960584088345244
2016-09-01,14,021,Puerto Vallarta,0.04522313405297526
2016-09-01,14,022,Ocotlán,0.10758607848744628
2016-09-01,15,013,ZMVM,-0.006790877509698727
2016-09-01,15,023,Toluca,0.010110793537046291
2016-09-01,16,024,Morelia,-0.013262842311309328
2016-09-01,16,025,Zamora,-0.015614609756475169
2016-09-01,16,026,Pénjamo,0.023499167954929123
2016-09-01,16,067,Uruapan,0.017348618154665298
2016-09-01,17,027,Cuernavaca,-0.013262494652147436
2016-09-01,17,028,Cuautla,0.00765483086331681
2016-09-01,18,021,Puerto Vallarta,0.017928127624987737
2016-09-01,18,029,Tepic,-0.010892784936590185
2016-09-01,19,030,Monterrey,0.0031782118856593204
2016-09-01,20,031,Oaxaca,0.01869113529999025
2016-09-01,20,032,Tehuantepec,-0.028676379338762797
2016-09-01,21,033,Puebla,-0.004365740511963588
2016-09-01,21,034,Tehuacán,-0.005285323569592567
2016-09-01,22,035,Querétaro,0.015384662196525983
2016-09-01,22,068,San Juan del Río,8.135992707486688e-5
2016-09-01,23,036,Cancún,0.01997411244245299
2016-09-01,23,076,Chetumal,0.020675737657392425
2016-09-01,24,037,San Luis,-0.0101595245510728
2016-09-01,24,038,Cd. Fernández,-0.013565163851597447
2016-09-01,25,069,Los Mochis,-0.16246460878468894
2016-09-01,25,070,Culiacán,-0.05098976504680112
2016-09-01,25,071,Mazatlán,0.009406521679360898
2016-09-01,26,039,Guaymas,-0.21594720741149137
2016-09-01,26,072,Cd. Obregón,0.10803648175229336
2016-09-01,26,073,Hermosillo,0.03039454147066157
2016-09-01,27,040,Villahermosa,0.010294433121231211
2016-09-01,27,074,Cárdenas,-0.011318054317579406
2016-09-01,28,041,Tampico,0.007144655343603228
2016-09-01,28,042,Reynosa,0.007407141983343972
2016-09-01,28,043,Matamoros,0.024700859121736037
2016-09-01,28,044,Nuevo Laredo,0.0268011054770324
2016-09-01,28,075,Cd. Victoria,0.03219185540881207
2016-09-01,29,033,Puebla,-0.04844333565104555
2016-09-01,29,045,Tlaxcala,-0.012940258723082508
2016-09-01,30,041,Tampico,-0.025378506601592948
2016-09-01,30,046,Veracruz,-0.015203285635796785
2016-09-01,30,047,Xalapa,-0.003273861743867579
2016-09-01,30,048,Poza Rica,-0.023336664565253837
2016-09-01,30,049,Orizaba,-0.01659372905594991
2016-09-01,30,050,Minatitlán,-0.016481016397114093
2016-09-01,30,051,Coatzacoalcos,-0.024276236492586506
2016-09-01,30,052,Córdoba,-0.011421048916051384
2016-09-01,31,053,Mérida,0.010717139991721107
2016-09-01,32,054,Zacatecas,-0.04348014606765841
NA,15,013,ZMVM,NA
NA,20,031,Oaxaca,NA
NA,20,032,Tehuantepec,NA
NA,21,033,Puebla,NA
NA,29,033,Puebla,NA
NA,29,045,Tlaxcala,NA
NA,30,047,Xalapa,NA
NA,30,049,Orizaba,NA
NA,30,050,Minatitlán,NA
NA,31,053,Mérida,NA
